book_original,book_index
1,0
2,1
3,2
4,3
5,4
6,5
7,6
8,7
9,8
10,9
11,10
12,11
13,12
14,13
15,14
16,15
17,16
18,17
19,18
20,19
21,20
22,21
23,22
24,23
25,24
26,25
27,26
28,27
29,28
30,29
31,30
32,31
33,32
34,33
35,34
36,35
37,36
38,37
39,38
40,39
41,40
42,41
43,42
44,43
45,44
46,45
47,46
48,47
49,48
50,49
51,50
52,51
53,52
54,53
55,54
56,55
57,56
58,57
59,58
60,59
61,60
62,61
63,62
64,63
65,64
66,65
67,66
68,67
69,68
70,69
71,70
72,71
73,72
74,73
75,74
76,75
77,76
78,77
79,78
80,79
81,80
82,81
83,82
84,83
85,84
86,85
87,86
88,87
89,88
90,89
91,90
92,91
93,92
94,93
95,94
96,95
97,96
98,97
99,98
100,99
101,100
102,101
103,102
104,103
105,104
106,105
107,106
108,107
109,108
110,109
111,110
112,111
113,112
114,113
115,114
116,115
117,116
118,117
119,118
120,119
121,120
122,121
123,122
124,123
125,124
126,125
127,126
128,127
129,128
130,129
131,130
132,131
133,132
134,133
135,134
136,135
137,136
138,137
139,138
140,139
141,140
142,141
143,142
144,143
145,144
146,145
147,146
148,147
149,148
150,149
151,150
152,151
153,152
154,153
155,154
156,155
157,156
158,157
159,158
160,159
161,160
162,161
163,162
164,163
165,164
166,165
167,166
168,167
169,168
170,169
171,170
172,171
173,172
174,173
175,174
176,175
177,176
178,177
179,178
180,179
181,180
182,181
183,182
184,183
185,184
186,185
187,186
188,187
189,188
190,189
191,190
192,191
193,192
194,193
195,194
196,195
197,196
198,197
199,198
200,199
201,200
202,201
203,202
204,203
205,204
206,205
207,206
208,207
209,208
210,209
211,210
212,211
213,212
214,213
215,214
216,215
217,216
218,217
219,218
220,219
221,220
222,221
223,222
224,223
225,224
226,225
227,226
228,227
229,228
230,229
231,230
232,231
233,232
234,233
235,234
236,235
237,236
238,237
239,238
240,239
241,240
242,241
243,242
244,243
245,244
246,245
247,246
248,247
249,248
250,249
251,250
252,251
253,252
254,253
255,254
256,255
257,256
258,257
259,258
260,259
261,260
262,261
263,262
264,263
265,264
266,265
267,266
268,267
269,268
270,269
271,270
272,271
273,272
274,273
275,274
276,275
277,276
278,277
279,278
280,279
281,280
282,281
283,282
284,283
285,284
286,285
287,286
288,287
289,288
290,289
291,290
292,291
293,292
294,293
295,294
296,295
297,296
298,297
299,298
300,299
301,300
302,301
303,302
304,303
305,304
306,305
307,306
308,307
309,308
310,309
311,310
312,311
313,312
314,313
315,314
316,315
317,316
318,317
319,318
320,319
321,320
322,321
323,322
324,323
325,324
326,325
327,326
328,327
329,328
330,329
331,330
332,331
333,332
334,333
335,334
336,335
337,336
338,337
339,338
340,339
341,340
342,341
343,342
344,343
345,344
346,345
347,346
348,347
349,348
350,349
351,350
352,351
353,352
354,353
355,354
356,355
357,356
358,357
359,358
360,359
361,360
362,361
363,362
364,363
365,364
366,365
367,366
368,367
369,368
370,369
371,370
372,371
373,372
374,373
375,374
376,375
377,376
378,377
379,378
380,379
381,380
382,381
383,382
384,383
385,384
386,385
387,386
388,387
389,388
390,389
391,390
392,391
393,392
394,393
395,394
396,395
397,396
398,397
399,398
400,399
401,400
402,401
403,402
404,403
405,404
406,405
407,406
408,407
409,408
410,409
411,410
412,411
413,412
414,413
415,414
416,415
417,416
418,417
419,418
420,419
421,420
422,421
423,422
424,423
425,424
426,425
427,426
428,427
429,428
430,429
431,430
432,431
433,432
434,433
435,434
436,435
437,436
438,437
439,438
440,439
441,440
442,441
443,442
444,443
445,444
446,445
447,446
448,447
449,448
450,449
451,450
452,451
453,452
454,453
455,454
456,455
457,456
458,457
459,458
460,459
461,460
462,461
463,462
464,463
465,464
466,465
467,466
468,467
469,468
470,469
471,470
472,471
473,472
474,473
475,474
476,475
477,476
478,477
479,478
480,479
481,480
482,481
483,482
484,483
485,484
486,485
487,486
488,487
489,488
490,489
491,490
492,491
493,492
494,493
495,494
496,495
497,496
498,497
499,498
500,499
501,500
502,501
503,502
504,503
505,504
506,505
507,506
508,507
509,508
510,509
511,510
512,511
513,512
514,513
515,514
516,515
517,516
518,517
519,518
520,519
521,520
522,521
523,522
524,523
525,524
526,525
527,526
528,527
529,528
530,529
531,530
532,531
533,532
534,533
535,534
536,535
537,536
538,537
539,538
540,539
541,540
542,541
543,542
544,543
545,544
546,545
547,546
548,547
549,548
550,549
551,550
552,551
553,552
554,553
555,554
556,555
557,556
558,557
559,558
560,559
561,560
562,561
563,562
564,563
565,564
566,565
567,566
568,567
569,568
570,569
571,570
572,571
573,572
574,573
575,574
576,575
577,576
578,577
579,578
580,579
581,580
582,581
583,582
584,583
585,584
586,585
587,586
588,587
589,588
590,589
591,590
592,591
593,592
594,593
595,594
596,595
597,596
598,597
599,598
600,599
601,600
602,601
603,602
604,603
605,604
606,605
607,606
608,607
609,608
610,609
611,610
612,611
613,612
614,613
615,614
616,615
617,616
618,617
619,618
620,619
621,620
622,621
623,622
624,623
625,624
626,625
627,626
628,627
629,628
630,629
631,630
632,631
633,632
634,633
635,634
636,635
637,636
638,637
639,638
640,639
641,640
642,641
643,642
644,643
645,644
646,645
647,646
648,647
649,648
650,649
651,650
652,651
653,652
654,653
655,654
656,655
657,656
658,657
659,658
660,659
661,660
662,661
663,662
664,663
665,664
666,665
667,666
668,667
669,668
670,669
671,670
672,671
673,672
674,673
675,674
676,675
677,676
678,677
679,678
680,679
681,680
682,681
683,682
684,683
685,684
686,685
687,686
688,687
689,688
690,689
691,690
692,691
693,692
694,693
695,694
696,695
697,696
698,697
699,698
700,699
701,700
702,701
703,702
704,703
705,704
706,705
707,706
708,707
709,708
710,709
711,710
712,711
713,712
714,713
715,714
716,715
717,716
718,717
719,718
720,719
721,720
722,721
723,722
724,723
725,724
726,725
727,726
728,727
729,728
730,729
731,730
732,731
733,732
734,733
735,734
736,735
737,736
738,737
739,738
740,739
741,740
742,741
743,742
744,743
745,744
746,745
747,746
748,747
749,748
750,749
751,750
752,751
753,752
754,753
755,754
756,755
757,756
758,757
759,758
760,759
761,760
762,761
763,762
764,763
765,764
766,765
767,766
768,767
769,768
770,769
771,770
772,771
773,772
774,773
775,774
776,775
777,776
778,777
779,778
780,779
781,780
782,781
783,782
784,783
785,784
786,785
787,786
788,787
789,788
790,789
791,790
792,791
793,792
794,793
795,794
796,795
797,796
798,797
799,798
800,799
801,800
802,801
803,802
804,803
805,804
806,805
807,806
808,807
809,808
810,809
811,810
812,811
813,812
814,813
815,814
816,815
817,816
818,817
819,818
820,819
821,820
822,821
823,822
824,823
825,824
826,825
827,826
828,827
829,828
830,829
831,830
832,831
833,832
834,833
835,834
836,835
837,836
838,837
839,838
840,839
841,840
842,841
843,842
844,843
845,844
846,845
847,846
848,847
849,848
850,849
851,850
852,851
853,852
854,853
855,854
856,855
857,856
858,857
859,858
860,859
861,860
862,861
863,862
864,863
865,864
866,865
867,866
868,867
869,868
870,869
871,870
872,871
873,872
874,873
875,874
876,875
877,876
878,877
879,878
880,879
881,880
882,881
883,882
884,883
885,884
886,885
887,886
888,887
889,888
890,889
891,890
892,891
893,892
894,893
895,894
896,895
897,896
898,897
899,898
900,899
901,900
902,901
903,902
904,903
905,904
906,905
907,906
908,907
909,908
910,909
911,910
912,911
913,912
914,913
915,914
916,915
917,916
918,917
919,918
920,919
921,920
922,921
923,922
924,923
925,924
926,925
927,926
928,927
929,928
930,929
931,930
932,931
933,932
934,933
935,934
936,935
937,936
938,937
939,938
940,939
941,940
942,941
943,942
944,943
945,944
946,945
947,946
948,947
949,948
950,949
951,950
952,951
953,952
954,953
955,954
956,955
957,956
958,957
959,958
960,959
961,960
962,961
963,962
964,963
965,964
966,965
967,966
968,967
969,968
970,969
971,970
972,971
973,972
974,973
975,974
976,975
977,976
978,977
979,978
980,979
981,980
982,981
983,982
984,983
985,984
986,985
987,986
988,987
989,988
990,989
991,990
992,991
993,992
994,993
995,994
996,995
997,996
998,997
999,998
1000,999
1001,1000
1002,1001
1003,1002
1004,1003
1005,1004
1006,1005
1007,1006
1008,1007
1009,1008
1010,1009
1011,1010
1012,1011
1013,1012
1014,1013
1015,1014
1016,1015
1017,1016
1018,1017
1019,1018
1020,1019
1021,1020
1022,1021
1023,1022
1024,1023
1025,1024
1026,1025
1027,1026
1028,1027
1029,1028
1030,1029
1031,1030
1032,1031
1033,1032
1034,1033
1035,1034
1036,1035
1037,1036
1038,1037
1039,1038
1040,1039
1041,1040
1042,1041
1043,1042
1044,1043
1045,1044
1046,1045
1047,1046
1048,1047
1049,1048
1050,1049
1051,1050
1052,1051
1053,1052
1054,1053
1055,1054
1056,1055
1057,1056
1058,1057
1059,1058
1060,1059
1061,1060
1062,1061
1063,1062
1064,1063
1065,1064
1066,1065
1067,1066
1068,1067
1069,1068
1070,1069
1071,1070
1072,1071
1073,1072
1074,1073
1075,1074
1076,1075
1077,1076
1078,1077
1079,1078
1080,1079
1081,1080
1082,1081
1083,1082
1084,1083
1085,1084
1086,1085
1087,1086
1088,1087
1089,1088
1090,1089
1091,1090
1092,1091
1093,1092
1094,1093
1095,1094
1096,1095
1097,1096
1098,1097
1099,1098
1100,1099
1101,1100
1102,1101
1103,1102
1104,1103
1105,1104
1106,1105
1107,1106
1108,1107
1109,1108
1110,1109
1111,1110
1112,1111
1113,1112
1114,1113
1115,1114
1116,1115
1117,1116
1118,1117
1119,1118
1120,1119
1121,1120
1122,1121
1123,1122
1124,1123
1125,1124
1126,1125
1127,1126
1128,1127
1130,1128
1131,1129
1132,1130
1133,1131
1134,1132
1135,1133
1136,1134
1137,1135
1138,1136
1139,1137
1140,1138
1141,1139
1142,1140
1143,1141
1144,1142
1145,1143
1146,1144
1147,1145
1148,1146
1149,1147
1150,1148
1151,1149
1152,1150
1153,1151
1154,1152
1155,1153
1156,1154
1157,1155
1158,1156
1159,1157
1160,1158
1161,1159
1162,1160
1163,1161
1164,1162
1165,1163
1166,1164
1167,1165
1168,1166
1169,1167
1170,1168
1171,1169
1172,1170
1173,1171
1174,1172
1175,1173
1176,1174
1177,1175
1178,1176
1179,1177
1181,1178
1182,1179
1184,1180
1185,1181
1186,1182
1187,1183
1188,1184
1189,1185
1190,1186
1191,1187
1192,1188
1193,1189
1194,1190
1195,1191
1196,1192
1197,1193
1198,1194
1199,1195
1200,1196
1201,1197
1202,1198
1203,1199
1204,1200
1205,1201
1206,1202
1207,1203
1208,1204
1209,1205
1210,1206
1211,1207
1212,1208
1213,1209
1214,1210
1215,1211
1216,1212
1217,1213
1218,1214
1219,1215
1220,1216
1221,1217
1222,1218
1223,1219
1224,1220
1225,1221
1226,1222
1227,1223
1228,1224
1229,1225
1230,1226
1231,1227
1232,1228
1233,1229
1234,1230
1235,1231
1236,1232
1237,1233
1238,1234
1239,1235
1240,1236
1241,1237
1242,1238
1243,1239
1244,1240
1245,1241
1246,1242
1247,1243
1248,1244
1249,1245
1250,1246
1251,1247
1252,1248
1253,1249
1254,1250
1255,1251
1256,1252
1257,1253
1258,1254
1259,1255
1260,1256
1261,1257
1262,1258
1263,1259
1264,1260
1265,1261
1266,1262
1267,1263
1268,1264
1269,1265
1270,1266
1271,1267
1272,1268
1273,1269
1274,1270
1275,1271
1276,1272
1277,1273
1278,1274
1279,1275
1280,1276
1281,1277
1282,1278
1283,1279
1284,1280
1285,1281
1286,1282
1287,1283
1288,1284
1289,1285
1290,1286
1291,1287
1292,1288
1293,1289
1294,1290
1295,1291
1296,1292
1297,1293
1298,1294
1299,1295
1300,1296
1301,1297
1302,1298
1303,1299
1304,1300
1305,1301
1306,1302
1307,1303
1308,1304
1309,1305
1310,1306
1311,1307
1312,1308
1313,1309
1314,1310
1315,1311
1316,1312
1317,1313
1318,1314
1319,1315
1320,1316
1321,1317
1322,1318
1323,1319
1324,1320
1325,1321
1326,1322
1327,1323
1328,1324
1329,1325
1330,1326
1331,1327
1332,1328
1333,1329
1334,1330
1335,1331
1336,1332
1337,1333
1338,1334
1339,1335
1340,1336
1341,1337
1342,1338
1343,1339
1344,1340
1345,1341
1346,1342
1347,1343
1348,1344
1349,1345
1350,1346
1351,1347
1352,1348
1353,1349
1354,1350
1355,1351
1356,1352
1357,1353
1358,1354
1359,1355
1360,1356
1361,1357
1362,1358
1363,1359
1364,1360
1365,1361
1366,1362
1367,1363
1368,1364
1369,1365
1370,1366
1371,1367
1373,1368
1374,1369
1375,1370
1376,1371
1377,1372
1378,1373
1379,1374
1380,1375
1381,1376
1382,1377
1383,1378
1384,1379
1385,1380
1386,1381
1387,1382
1388,1383
1389,1384
1390,1385
1391,1386
1392,1387
1393,1388
1394,1389
1395,1390
1396,1391
1397,1392
1398,1393
1399,1394
1400,1395
1401,1396
1402,1397
1403,1398
1404,1399
1405,1400
1406,1401
1407,1402
1408,1403
1410,1404
1411,1405
1412,1406
1413,1407
1414,1408
1415,1409
1416,1410
1417,1411
1418,1412
1419,1413
1420,1414
1421,1415
1422,1416
1423,1417
1424,1418
1425,1419
1426,1420
1427,1421
1428,1422
1429,1423
1430,1424
1431,1425
1432,1426
1433,1427
1434,1428
1435,1429
1436,1430
1437,1431
1438,1432
1439,1433
1440,1434
1441,1435
1442,1436
1443,1437
1444,1438
1445,1439
1446,1440
1447,1441
1448,1442
1449,1443
1450,1444
1451,1445
1452,1446
1453,1447
1454,1448
1455,1449
1456,1450
1457,1451
1458,1452
1459,1453
1460,1454
1461,1455
1462,1456
1463,1457
1464,1458
1465,1459
1466,1460
1467,1461
1468,1462
1469,1463
1470,1464
1471,1465
1472,1466
1473,1467
1474,1468
1476,1469
1477,1470
1478,1471
1479,1472
1480,1473
1481,1474
1482,1475
1483,1476
1484,1477
1485,1478
1486,1479
1487,1480
1488,1481
1489,1482
1490,1483
1491,1484
1492,1485
1493,1486
1494,1487
1495,1488
1496,1489
1497,1490
1498,1491
1499,1492
1500,1493
1501,1494
1502,1495
1503,1496
1504,1497
1505,1498
1506,1499
1507,1500
1508,1501
1509,1502
1510,1503
1511,1504
1512,1505
1513,1506
1514,1507
1515,1508
1516,1509
1517,1510
1518,1511
1519,1512
1520,1513
1521,1514
1522,1515
1523,1516
1524,1517
1525,1518
1526,1519
1527,1520
1528,1521
1529,1522
1530,1523
1531,1524
1532,1525
1533,1526
1534,1527
1535,1528
1536,1529
1537,1530
1538,1531
1539,1532
1540,1533
1541,1534
1542,1535
1543,1536
1544,1537
1545,1538
1546,1539
1547,1540
1548,1541
1549,1542
1550,1543
1551,1544
1552,1545
1553,1546
1554,1547
1555,1548
1556,1549
1557,1550
1558,1551
1559,1552
1560,1553
1561,1554
1562,1555
1563,1556
1564,1557
1565,1558
1566,1559
1567,1560
1568,1561
1569,1562
1570,1563
1571,1564
1572,1565
1573,1566
1574,1567
1575,1568
1576,1569
1577,1570
1578,1571
1579,1572
1580,1573
1581,1574
1582,1575
1583,1576
1584,1577
1585,1578
1586,1579
1587,1580
1588,1581
1589,1582
1590,1583
1591,1584
1592,1585
1593,1586
1594,1587
1595,1588
1596,1589
1597,1590
1598,1591
1599,1592
1600,1593
1601,1594
1602,1595
1603,1596
1604,1597
1605,1598
1606,1599
1607,1600
1608,1601
1609,1602
1610,1603
1611,1604
1612,1605
1613,1606
1614,1607
1615,1608
1616,1609
1617,1610
1618,1611
1619,1612
1620,1613
1621,1614
1622,1615
1623,1616
1624,1617
1625,1618
1626,1619
1627,1620
1628,1621
1629,1622
1630,1623
1631,1624
1632,1625
1633,1626
1634,1627
1635,1628
1636,1629
1637,1630
1638,1631
1639,1632
1640,1633
1641,1634
1642,1635
1643,1636
1644,1637
1645,1638
1646,1639
1648,1640
1649,1641
1650,1642
1651,1643
1652,1644
1653,1645
1654,1646
1655,1647
1656,1648
1657,1649
1658,1650
1659,1651
1660,1652
1661,1653
1662,1654
1663,1655
1664,1656
1665,1657
1666,1658
1667,1659
1668,1660
1669,1661
1670,1662
1671,1663
1672,1664
1673,1665
1674,1666
1675,1667
1676,1668
1677,1669
1678,1670
1679,1671
1680,1672
1681,1673
1682,1674
1683,1675
1684,1676
1685,1677
1686,1678
1687,1679
1688,1680
1689,1681
1690,1682
1691,1683
1692,1684
1693,1685
1694,1686
1695,1687
1696,1688
1697,1689
1698,1690
1699,1691
1700,1692
1701,1693
1702,1694
1703,1695
1704,1696
1705,1697
1706,1698
1707,1699
1708,1700
1709,1701
1710,1702
1711,1703
1712,1704
1713,1705
1714,1706
1715,1707
1716,1708
1717,1709
1718,1710
1719,1711
1720,1712
1721,1713
1722,1714
1723,1715
1724,1716
1725,1717
1726,1718
1727,1719
1728,1720
1729,1721
1730,1722
1731,1723
1732,1724
1733,1725
1734,1726
1735,1727
1736,1728
1737,1729
1738,1730
1739,1731
1740,1732
1741,1733
1742,1734
1743,1735
1744,1736
1745,1737
1746,1738
1747,1739
1748,1740
1749,1741
1750,1742
1751,1743
1752,1744
1753,1745
1754,1746
1755,1747
1756,1748
1757,1749
1758,1750
1759,1751
1760,1752
1761,1753
1762,1754
1763,1755
1764,1756
1765,1757
1766,1758
1767,1759
1768,1760
1769,1761
1770,1762
1771,1763
1772,1764
1773,1765
1774,1766
1775,1767
1776,1768
1778,1769
1779,1770
1780,1771
1781,1772
1782,1773
1783,1774
1784,1775
1785,1776
1786,1777
1788,1778
1789,1779
1790,1780
1791,1781
1792,1782
1793,1783
1794,1784
1795,1785
1796,1786
1797,1787
1798,1788
1799,1789
1800,1790
1801,1791
1802,1792
1803,1793
1804,1794
1805,1795
1806,1796
1807,1797
1808,1798
1809,1799
1810,1800
1811,1801
1812,1802
1813,1803
1814,1804
1815,1805
1816,1806
1817,1807
1818,1808
1819,1809
1820,1810
1821,1811
1823,1812
1824,1813
1825,1814
1826,1815
1827,1816
1828,1817
1829,1818
1830,1819
1831,1820
1832,1821
1833,1822
1834,1823
1835,1824
1836,1825
1837,1826
1838,1827
1839,1828
1840,1829
1841,1830
1842,1831
1843,1832
1844,1833
1845,1834
1846,1835
1847,1836
1848,1837
1849,1838
1850,1839
1851,1840
1852,1841
1853,1842
1854,1843
1855,1844
1856,1845
1857,1846
1858,1847
1859,1848
1860,1849
1861,1850
1862,1851
1863,1852
1864,1853
1865,1854
1866,1855
1867,1856
1868,1857
1869,1858
1870,1859
1871,1860
1872,1861
1873,1862
1874,1863
1875,1864
1876,1865
1877,1866
1878,1867
1879,1868
1880,1869
1881,1870
1882,1871
1883,1872
1884,1873
1885,1874
1886,1875
1887,1876
1888,1877
1889,1878
1890,1879
1891,1880
1892,1881
1893,1882
1894,1883
1895,1884
1896,1885
1897,1886
1898,1887
1899,1888
1900,1889
1901,1890
1902,1891
1903,1892
1904,1893
1905,1894
1906,1895
1907,1896
1908,1897
1909,1898
1910,1899
1911,1900
1912,1901
1913,1902
1914,1903
1915,1904
1916,1905
1917,1906
1918,1907
1919,1908
1920,1909
1921,1910
1922,1911
1923,1912
1924,1913
1925,1914
1926,1915
1927,1916
1928,1917
1930,1918
1931,1919
1932,1920
1934,1921
1936,1922
1937,1923
1938,1924
1939,1925
1940,1926
1941,1927
1942,1928
1943,1929
1944,1930
1945,1931
1946,1932
1947,1933
1948,1934
1949,1935
1950,1936
1951,1937
1952,1938
1953,1939
1954,1940
1955,1941
1956,1942
1957,1943
1958,1944
1959,1945
1960,1946
1961,1947
1962,1948
1963,1949
1964,1950
1965,1951
1966,1952
1967,1953
1968,1954
1969,1955
1970,1956
1971,1957
1972,1958
1973,1959
1974,1960
1975,1961
1976,1962
1977,1963
1978,1964
1979,1965
1980,1966
1981,1967
1982,1968
1983,1969
1984,1970
1985,1971
1986,1972
1987,1973
1988,1974
1989,1975
1990,1976
1991,1977
1993,1978
1994,1979
1995,1980
1996,1981
1997,1982
1998,1983
1999,1984
2000,1985
2001,1986
2002,1987
2003,1988
2004,1989
2005,1990
2006,1991
2007,1992
2008,1993
2009,1994
2010,1995
2011,1996
2012,1997
2013,1998
2014,1999
2015,2000
2016,2001
2017,2002
2018,2003
2019,2004
2020,2005
2021,2006
2023,2007
2024,2008
2025,2009
2026,2010
2027,2011
2028,2012
2029,2013
2030,2014
2031,2015
2032,2016
2034,2017
2035,2018
2036,2019
2037,2020
2038,2021
2039,2022
2040,2023
2041,2024
2042,2025
2043,2026
2044,2027
2045,2028
2046,2029
2047,2030
2048,2031
2049,2032
2050,2033
2051,2034
2052,2035
2053,2036
2054,2037
2055,2038
2056,2039
2057,2040
2058,2041
2059,2042
2060,2043
2061,2044
2062,2045
2063,2046
2064,2047
2065,2048
2066,2049
2067,2050
2068,2051
2069,2052
2071,2053
2072,2054
2073,2055
2074,2056
2075,2057
2076,2058
2077,2059
2078,2060
2079,2061
2080,2062
2081,2063
2082,2064
2083,2065
2084,2066
2085,2067
2086,2068
2087,2069
2088,2070
2089,2071
2090,2072
2091,2073
2092,2074
2093,2075
2094,2076
2095,2077
2096,2078
2097,2079
2098,2080
2099,2081
2101,2082
2102,2083
2103,2084
2104,2085
2105,2086
2106,2087
2107,2088
2109,2089
2110,2090
2111,2091
2112,2092
2113,2093
2114,2094
2115,2095
2116,2096
2117,2097
2118,2098
2119,2099
2120,2100
2121,2101
2122,2102
2123,2103
2124,2104
2125,2105
2126,2106
2127,2107
2128,2108
2129,2109
2130,2110
2131,2111
2132,2112
2133,2113
2134,2114
2135,2115
2136,2116
2137,2117
2138,2118
2139,2119
2140,2120
2141,2121
2142,2122
2143,2123
2144,2124
2145,2125
2146,2126
2147,2127
2148,2128
2149,2129
2150,2130
2151,2131
2152,2132
2153,2133
2154,2134
2155,2135
2156,2136
2157,2137
2158,2138
2159,2139
2160,2140
2161,2141
2162,2142
2163,2143
2164,2144
2165,2145
2167,2146
2168,2147
2169,2148
2170,2149
2172,2150
2173,2151
2174,2152
2175,2153
2176,2154
2177,2155
2178,2156
2179,2157
2180,2158
2181,2159
2182,2160
2183,2161
2184,2162
2185,2163
2186,2164
2187,2165
2188,2166
2189,2167
2190,2168
2191,2169
2192,2170
2193,2171
2194,2172
2195,2173
2196,2174
2197,2175
2198,2176
2199,2177
2200,2178
2201,2179
2202,2180
2203,2181
2204,2182
2205,2183
2206,2184
2207,2185
2208,2186
2209,2187
2210,2188
2211,2189
2212,2190
2213,2191
2214,2192
2215,2193
2216,2194
2217,2195
2218,2196
2219,2197
2220,2198
2221,2199
2222,2200
2223,2201
2224,2202
2225,2203
2226,2204
2227,2205
2228,2206
2229,2207
2230,2208
2231,2209
2232,2210
2233,2211
2234,2212
2235,2213
2236,2214
2237,2215
2238,2216
2239,2217
2240,2218
2241,2219
2242,2220
2243,2221
2244,2222
2245,2223
2246,2224
2247,2225
2248,2226
2249,2227
2250,2228
2251,2229
2252,2230
2253,2231
2254,2232
2255,2233
2256,2234
2257,2235
2258,2236
2259,2237
2260,2238
2261,2239
2262,2240
2263,2241
2264,2242
2265,2243
2266,2244
2267,2245
2268,2246
2269,2247
2270,2248
2271,2249
2272,2250
2273,2251
2274,2252
2275,2253
2276,2254
2277,2255
2278,2256
2279,2257
2280,2258
2281,2259
2282,2260
2283,2261
2284,2262
2285,2263
2286,2264
2287,2265
2288,2266
2289,2267
2290,2268
2291,2269
2293,2270
2294,2271
2295,2272
2296,2273
2297,2274
2298,2275
2299,2276
2300,2277
2301,2278
2302,2279
2303,2280
2304,2281
2305,2282
2306,2283
2307,2284
2309,2285
2310,2286
2311,2287
2312,2288
2313,2289
2314,2290
2315,2291
2316,2292
2317,2293
2318,2294
2319,2295
2320,2296
2321,2297
2322,2298
2323,2299
2324,2300
2325,2301
2326,2302
2327,2303
2328,2304
2329,2305
2330,2306
2331,2307
2332,2308
2333,2309
2334,2310
2335,2311
2336,2312
2337,2313
2338,2314
2339,2315
2340,2316
2341,2317
2342,2318
2343,2319
2344,2320
2345,2321
2346,2322
2347,2323
2348,2324
2349,2325
2350,2326
2351,2327
2352,2328
2353,2329
2354,2330
2355,2331
2356,2332
2357,2333
2358,2334
2359,2335
2360,2336
2361,2337
2362,2338
2363,2339
2364,2340
2365,2341
2366,2342
2367,2343
2368,2344
2369,2345
2370,2346
2371,2347
2372,2348
2373,2349
2374,2350
2375,2351
2376,2352
2377,2353
2378,2354
2379,2355
2380,2356
2381,2357
2382,2358
2383,2359
2384,2360
2385,2361
2386,2362
2387,2363
2389,2364
2390,2365
2391,2366
2392,2367
2393,2368
2394,2369
2395,2370
2396,2371
2397,2372
2398,2373
2399,2374
2400,2375
2401,2376
2402,2377
2403,2378
2404,2379
2405,2380
2406,2381
2407,2382
2408,2383
2409,2384
2410,2385
2411,2386
2412,2387
2413,2388
2414,2389
2415,2390
2416,2391
2417,2392
2418,2393
2419,2394
2420,2395
2421,2396
2422,2397
2423,2398
2424,2399
2425,2400
2426,2401
2427,2402
2428,2403
2429,2404
2430,2405
2431,2406
2432,2407
2433,2408
2434,2409
2435,2410
2436,2411
2437,2412
2438,2413
2439,2414
2440,2415
2441,2416
2443,2417
2444,2418
2445,2419
2446,2420
2447,2421
2448,2422
2449,2423
2450,2424
2451,2425
2452,2426
2453,2427
2454,2428
2455,2429
2456,2430
2457,2431
2458,2432
2459,2433
2461,2434
2462,2435
2463,2436
2464,2437
2465,2438
2466,2439
2467,2440
2468,2441
2469,2442
2470,2443
2471,2444
2472,2445
2473,2446
2474,2447
2475,2448
2476,2449
2477,2450
2478,2451
2479,2452
2480,2453
2481,2454
2482,2455
2483,2456
2484,2457
2485,2458
2486,2459
2487,2460
2488,2461
2489,2462
2490,2463
2491,2464
2492,2465
2493,2466
2494,2467
2495,2468
2496,2469
2497,2470
2498,2471
2499,2472
2500,2473
2501,2474
2502,2475
2503,2476
2504,2477
2505,2478
2506,2479
2507,2480
2508,2481
2509,2482
2510,2483
2511,2484
2512,2485
2513,2486
2514,2487
2515,2488
2516,2489
2517,2490
2518,2491
2519,2492
2520,2493
2521,2494
2522,2495
2523,2496
2524,2497
2525,2498
2526,2499
2527,2500
2528,2501
2529,2502
2530,2503
2531,2504
2532,2505
2533,2506
2534,2507
2535,2508
2536,2509
2538,2510
2539,2511
2540,2512
2541,2513
2542,2514
2543,2515
2544,2516
2545,2517
2546,2518
2547,2519
2548,2520
2549,2521
2550,2522
2551,2523
2552,2524
2553,2525
2554,2526
2555,2527
2556,2528
2557,2529
2558,2530
2559,2531
2561,2532
2562,2533
2563,2534
2564,2535
2565,2536
2566,2537
2567,2538
2568,2539
2569,2540
2570,2541
2571,2542
2573,2543
2574,2544
2575,2545
2576,2546
2577,2547
2578,2548
2579,2549
2580,2550
2581,2551
2582,2552
2583,2553
2584,2554
2586,2555
2587,2556
2589,2557
2590,2558
2591,2559
2592,2560
2593,2561
2594,2562
2595,2563
2596,2564
2597,2565
2598,2566
2599,2567
2600,2568
2601,2569
2602,2570
2603,2571
2604,2572
2605,2573
2606,2574
2607,2575
2608,2576
2609,2577
2610,2578
2611,2579
2612,2580
2613,2581
2614,2582
2615,2583
2616,2584
2617,2585
2618,2586
2619,2587
2620,2588
2621,2589
2622,2590
2623,2591
2624,2592
2625,2593
2626,2594
2627,2595
2628,2596
2629,2597
2630,2598
2631,2599
2632,2600
2633,2601
2634,2602
2636,2603
2637,2604
2638,2605
2639,2606
2640,2607
2641,2608
2642,2609
2643,2610
2644,2611
2645,2612
2646,2613
2647,2614
2648,2615
2650,2616
2651,2617
2652,2618
2653,2619
2654,2620
2655,2621
2657,2622
2658,2623
2659,2624
2661,2625
2662,2626
2663,2627
2664,2628
2665,2629
2666,2630
2667,2631
2668,2632
2669,2633
2670,2634
2671,2635
2672,2636
2673,2637
2674,2638
2675,2639
2676,2640
2677,2641
2678,2642
2679,2643
2680,2644
2681,2645
2682,2646
2683,2647
2684,2648
2685,2649
2687,2650
2688,2651
2689,2652
2690,2653
2691,2654
2692,2655
2693,2656
2694,2657
2695,2658
2696,2659
2697,2660
2698,2661
2699,2662
2700,2663
2701,2664
2702,2665
2703,2666
2704,2667
2705,2668
2706,2669
2707,2670
2708,2671
2709,2672
2710,2673
2711,2674
2712,2675
2713,2676
2714,2677
2715,2678
2716,2679
2717,2680
2718,2681
2719,2682
2720,2683
2721,2684
2722,2685
2723,2686
2724,2687
2725,2688
2726,2689
2727,2690
2728,2691
2729,2692
2730,2693
2731,2694
2732,2695
2733,2696
2734,2697
2735,2698
2736,2699
2737,2700
2738,2701
2739,2702
2740,2703
2741,2704
2742,2705
2743,2706
2744,2707
2745,2708
2746,2709
2747,2710
2748,2711
2750,2712
2751,2713
2752,2714
2753,2715
2754,2716
2755,2717
2756,2718
2757,2719
2758,2720
2759,2721
2760,2722
2761,2723
2762,2724
2763,2725
2764,2726
2765,2727
2766,2728
2767,2729
2768,2730
2769,2731
2770,2732
2771,2733
2772,2734
2773,2735
2774,2736
2775,2737
2776,2738
2777,2739
2778,2740
2779,2741
2780,2742
2781,2743
2782,2744
2783,2745
2784,2746
2785,2747
2786,2748
2787,2749
2788,2750
2789,2751
2790,2752
2791,2753
2792,2754
2793,2755
2794,2756
2795,2757
2796,2758
2798,2759
2799,2760
2800,2761
2801,2762
2802,2763
2803,2764
2804,2765
2805,2766
2806,2767
2807,2768
2808,2769
2809,2770
2810,2771
2811,2772
2812,2773
2813,2774
2814,2775
2815,2776
2816,2777
2817,2778
2818,2779
2819,2780
2820,2781
2821,2782
2822,2783
2823,2784
2824,2785
2825,2786
2826,2787
2827,2788
2828,2789
2829,2790
2830,2791
2831,2792
2832,2793
2833,2794
2834,2795
2835,2796
2836,2797
2837,2798
2838,2799
2839,2800
2840,2801
2841,2802
2842,2803
2843,2804
2844,2805
2845,2806
2846,2807
2847,2808
2848,2809
2849,2810
2850,2811
2851,2812
2852,2813
2853,2814
2854,2815
2855,2816
2856,2817
2857,2818
2858,2819
2859,2820
2860,2821
2861,2822
2862,2823
2863,2824
2864,2825
2865,2826
2866,2827
2867,2828
2868,2829
2869,2830
2870,2831
2871,2832
2872,2833
2873,2834
2874,2835
2875,2836
2876,2837
2877,2838
2878,2839
2879,2840
2880,2841
2881,2842
2882,2843
2883,2844
2884,2845
2885,2846
2887,2847
2888,2848
2889,2849
2890,2850
2891,2851
2892,2852
2893,2853
2894,2854
2895,2855
2897,2856
2898,2857
2899,2858
2900,2859
2901,2860
2902,2861
2903,2862
2904,2863
2905,2864
2906,2865
2907,2866
2908,2867
2909,2868
2910,2869
2911,2870
2912,2871
2913,2872
2914,2873
2915,2874
2916,2875
2917,2876
2918,2877
2919,2878
2920,2879
2921,2880
2922,2881
2923,2882
2924,2883
2925,2884
2926,2885
2927,2886
2929,2887
2930,2888
2931,2889
2932,2890
2933,2891
2934,2892
2935,2893
2936,2894
2937,2895
2938,2896
2939,2897
2940,2898
2941,2899
2942,2900
2943,2901
2944,2902
2945,2903
2946,2904
2947,2905
2948,2906
2949,2907
2950,2908
2951,2909
2952,2910
2953,2911
2954,2912
2955,2913
2956,2914
2957,2915
2958,2916
2959,2917
2960,2918
2961,2919
2962,2920
2963,2921
2964,2922
2965,2923
2967,2924
2968,2925
2969,2926
2970,2927
2971,2928
2972,2929
2973,2930
2974,2931
2975,2932
2976,2933
2977,2934
2978,2935
2979,2936
2980,2937
2981,2938
2982,2939
2983,2940
2984,2941
2985,2942
2986,2943
2987,2944
2988,2945
2989,2946
2990,2947
2991,2948
2992,2949
2993,2950
2994,2951
2995,2952
2996,2953
2997,2954
2998,2955
2999,2956
3000,2957
3001,2958
3002,2959
3003,2960
3004,2961
3005,2962
3006,2963
3007,2964
3008,2965
3010,2966
3011,2967
3012,2968
3013,2969
3014,2970
3015,2971
3016,2972
3017,2973
3018,2974
3019,2975
3020,2976
3021,2977
3022,2978
3023,2979
3024,2980
3025,2981
3026,2982
3027,2983
3028,2984
3029,2985
3030,2986
3031,2987
3032,2988
3033,2989
3034,2990
3035,2991
3036,2992
3037,2993
3038,2994
3039,2995
3040,2996
3042,2997
3043,2998
3044,2999
3045,3000
3046,3001
3047,3002
3048,3003
3049,3004
3050,3005
3051,3006
3052,3007
3053,3008
3054,3009
3055,3010
3056,3011
3057,3012
3058,3013
3059,3014
3060,3015
3061,3016
3062,3017
3063,3018
3064,3019
3065,3020
3066,3021
3067,3022
3068,3023
3069,3024
3070,3025
3071,3026
3072,3027
3073,3028
3074,3029
3075,3030
3076,3031
3077,3032
3078,3033
3079,3034
3080,3035
3081,3036
3082,3037
3083,3038
3084,3039
3085,3040
3086,3041
3087,3042
3088,3043
3089,3044
3090,3045
3091,3046
3092,3047
3094,3048
3095,3049
3096,3050
3097,3051
3098,3052
3099,3053
3100,3054
3101,3055
3102,3056
3103,3057
3105,3058
3106,3059
3107,3060
3108,3061
3109,3062
3111,3063
3112,3064
3113,3065
3115,3066
3116,3067
3117,3068
3118,3069
3119,3070
3120,3071
3121,3072
3122,3073
3123,3074
3124,3075
3125,3076
3126,3077
3127,3078
3128,3079
3129,3080
3130,3081
3131,3082
3132,3083
3133,3084
3134,3085
3135,3086
3136,3087
3137,3088
3138,3089
3139,3090
3140,3091
3141,3092
3142,3093
3143,3094
3144,3095
3145,3096
3146,3097
3147,3098
3148,3099
3149,3100
3150,3101
3151,3102
3153,3103
3154,3104
3155,3105
3156,3106
3157,3107
3158,3108
3159,3109
3160,3110
3161,3111
3162,3112
3163,3113
3164,3114
3165,3115
3166,3116
3167,3117
3168,3118
3169,3119
3170,3120
3171,3121
3172,3122
3173,3123
3174,3124
3175,3125
3176,3126
3177,3127
3178,3128
3179,3129
3180,3130
3182,3131
3183,3132
3184,3133
3185,3134
3186,3135
3187,3136
3188,3137
3189,3138
3190,3139
3191,3140
3192,3141
3193,3142
3194,3143
3195,3144
3196,3145
3197,3146
3198,3147
3199,3148
3200,3149
3201,3150
3202,3151
3204,3152
3205,3153
3206,3154
3207,3155
3208,3156
3209,3157
3210,3158
3211,3159
3212,3160
3213,3161
3214,3162
3215,3163
3216,3164
3217,3165
3218,3166
3219,3167
3220,3168
3221,3169
3222,3170
3223,3171
3227,3172
3228,3173
3229,3174
3230,3175
3231,3176
3232,3177
3234,3178
3236,3179
3237,3180
3238,3181
3239,3182
3240,3183
3241,3184
3242,3185
3243,3186
3244,3187
3245,3188
3246,3189
3247,3190
3248,3191
3249,3192
3250,3193
3252,3194
3253,3195
3254,3196
3255,3197
3256,3198
3257,3199
3258,3200
3259,3201
3260,3202
3261,3203
3262,3204
3263,3205
3264,3206
3265,3207
3267,3208
3268,3209
3269,3210
3270,3211
3271,3212
3273,3213
3274,3214
3275,3215
3276,3216
3277,3217
3278,3218
3279,3219
3280,3220
3281,3221
3282,3222
3283,3223
3284,3224
3286,3225
3287,3226
3289,3227
3290,3228
3291,3229
3292,3230
3293,3231
3294,3232
3295,3233
3296,3234
3297,3235
3298,3236
3299,3237
3300,3238
3302,3239
3303,3240
3304,3241
3306,3242
3307,3243
3308,3244
3309,3245
3311,3246
3312,3247
3313,3248
3314,3249
3315,3250
3316,3251
3317,3252
3318,3253
3319,3254
3321,3255
3322,3256
3323,3257
3324,3258
3325,3259
3326,3260
3327,3261
3328,3262
3329,3263
3330,3264
3331,3265
3332,3266
3333,3267
3334,3268
3336,3269
3337,3270
3338,3271
3339,3272
3340,3273
3341,3274
3342,3275
3343,3276
3344,3277
3345,3278
3346,3279
3347,3280
3348,3281
3349,3282
3350,3283
3351,3284
3352,3285
3353,3286
3354,3287
3355,3288
3356,3289
3357,3290
3358,3291
3359,3292
3360,3293
3361,3294
3362,3295
3363,3296
3364,3297
3365,3298
3366,3299
3367,3300
3369,3301
3370,3302
3371,3303
3372,3304
3373,3305
3374,3306
3375,3307
3376,3308
3377,3309
3378,3310
3379,3311
3380,3312
3381,3313
3382,3314
3384,3315
3385,3316
3386,3317
3387,3318
3388,3319
3390,3320
3391,3321
3392,3322
3393,3323
3394,3324
3395,3325
3396,3326
3397,3327
3398,3328
3399,3329
3400,3330
3401,3331
3402,3332
3403,3333
3404,3334
3406,3335
3407,3336
3408,3337
3410,3338
3411,3339
3412,3340
3413,3341
3414,3342
3415,3343
3416,3344
3417,3345
3418,3346
3419,3347
3420,3348
3421,3349
3422,3350
3424,3351
3425,3352
3426,3353
3427,3354
3428,3355
3429,3356
3430,3357
3431,3358
3432,3359
3433,3360
3434,3361
3435,3362
3436,3363
3437,3364
3439,3365
3440,3366
3441,3367
3442,3368
3443,3369
3444,3370
3445,3371
3446,3372
3449,3373
3450,3374
3451,3375
3452,3376
3453,3377
3454,3378
3455,3379
3456,3380
3457,3381
3458,3382
3459,3383
3460,3384
3461,3385
3462,3386
3463,3387
3464,3388
3465,3389
3466,3390
3467,3391
3468,3392
3469,3393
3470,3394
3472,3395
3473,3396
3474,3397
3475,3398
3476,3399
3477,3400
3478,3401
3480,3402
3481,3403
3482,3404
3483,3405
3484,3406
3485,3407
3486,3408
3487,3409
3488,3410
3489,3411
3490,3412
3491,3413
3492,3414
3493,3415
3494,3416
3496,3417
3497,3418
3498,3419
3500,3420
3501,3421
3502,3422
3503,3423
3504,3424
3505,3425
3507,3426
3508,3427
3509,3428
3510,3429
3511,3430
3512,3431
3513,3432
3514,3433
3515,3434
3516,3435
3517,3436
3518,3437
3519,3438
3520,3439
3521,3440
3522,3441
3523,3442
3524,3443
3525,3444
3526,3445
3527,3446
3528,3447
3529,3448
3530,3449
3531,3450
3532,3451
3533,3452
3534,3453
3535,3454
3536,3455
3537,3456
3539,3457
3540,3458
3541,3459
3542,3460
3543,3461
3544,3462
3545,3463
3546,3464
3547,3465
3548,3466
3549,3467
3550,3468
3551,3469
3552,3470
3553,3471
3555,3472
3556,3473
3557,3474
3558,3475
3559,3476
3560,3477
3561,3478
3562,3479
3563,3480
3564,3481
3565,3482
3566,3483
3567,3484
3568,3485
3569,3486
3570,3487
3571,3488
3572,3489
3573,3490
3574,3491
3575,3492
3576,3493
3577,3494
3578,3495
3579,3496
3580,3497
3581,3498
3582,3499
3583,3500
3584,3501
3585,3502
3586,3503
3587,3504
3588,3505
3589,3506
3590,3507
3591,3508
3592,3509
3593,3510
3594,3511
3595,3512
3596,3513
3597,3514
3598,3515
3599,3516
3600,3517
3601,3518
3602,3519
3603,3520
3604,3521
3605,3522
3606,3523
3607,3524
3608,3525
3609,3526
3610,3527
3611,3528
3612,3529
3613,3530
3614,3531
3615,3532
3616,3533
3617,3534
3618,3535
3619,3536
3620,3537
3621,3538
3622,3539
3623,3540
3624,3541
3625,3542
3626,3543
3627,3544
3628,3545
3630,3546
3631,3547
3632,3548
3633,3549
3634,3550
3635,3551
3636,3552
3637,3553
3638,3554
3639,3555
3640,3556
3641,3557
3642,3558
3643,3559
3644,3560
3645,3561
3646,3562
3647,3563
3648,3564
3649,3565
3650,3566
3652,3567
3653,3568
3654,3569
3655,3570
3656,3571
3657,3572
3658,3573
3659,3574
3660,3575
3662,3576
3663,3577
3664,3578
3665,3579
3666,3580
3667,3581
3668,3582
3669,3583
3670,3584
3671,3585
3672,3586
3673,3587
3674,3588
3675,3589
3676,3590
3677,3591
3679,3592
3680,3593
3681,3594
3682,3595
3683,3596
3684,3597
3685,3598
3686,3599
3687,3600
3688,3601
3689,3602
3690,3603
3691,3604
3692,3605
3693,3606
3696,3607
3697,3608
3698,3609
3699,3610
3700,3611
3702,3612
3703,3613
3704,3614
3705,3615
3706,3616
3707,3617
3708,3618
3709,3619
3710,3620
3711,3621
3712,3622
3713,3623
3714,3624
3715,3625
3716,3626
3717,3627
3718,3628
3720,3629
3722,3630
3723,3631
3724,3632
3725,3633
3726,3634
3727,3635
3728,3636
3729,3637
3730,3638
3731,3639
3732,3640
3733,3641
3735,3642
3737,3643
3738,3644
3739,3645
3740,3646
3741,3647
3742,3648
3743,3649
3744,3650
3745,3651
3746,3652
3747,3653
3748,3654
3749,3655
3750,3656
3751,3657
3752,3658
3753,3659
3754,3660
3755,3661
3756,3662
3757,3663
3758,3664
3759,3665
3760,3666
3761,3667
3762,3668
3763,3669
3764,3670
3765,3671
3766,3672
3767,3673
3768,3674
3769,3675
3770,3676
3771,3677
3772,3678
3773,3679
3774,3680
3775,3681
3776,3682
3777,3683
3778,3684
3779,3685
3780,3686
3781,3687
3782,3688
3783,3689
3784,3690
3786,3691
3787,3692
3788,3693
3789,3694
3790,3695
3791,3696
3792,3697
3793,3698
3794,3699
3795,3700
3796,3701
3797,3702
3798,3703
3799,3704
3800,3705
3801,3706
3802,3707
3803,3708
3804,3709
3805,3710
3806,3711
3807,3712
3808,3713
3809,3714
3811,3715
3812,3716
3813,3717
3814,3718
3815,3719
3816,3720
3817,3721
3818,3722
3819,3723
3820,3724
3821,3725
3822,3726
3823,3727
3824,3728
3826,3729
3827,3730
3828,3731
3829,3732
3830,3733
3831,3734
3832,3735
3833,3736
3834,3737
3835,3738
3836,3739
3837,3740
3838,3741
3839,3742
3841,3743
3842,3744
3843,3745
3844,3746
3845,3747
3846,3748
3847,3749
3849,3750
3850,3751
3851,3752
3852,3753
3853,3754
3856,3755
3857,3756
3858,3757
3859,3758
3860,3759
3861,3760
3862,3761
3865,3762
3866,3763
3867,3764
3868,3765
3869,3766
3870,3767
3871,3768
3872,3769
3873,3770
3874,3771
3875,3772
3876,3773
3877,3774
3878,3775
3879,3776
3883,3777
3884,3778
3885,3779
3886,3780
3887,3781
3888,3782
3889,3783
3891,3784
3892,3785
3893,3786
3894,3787
3895,3788
3896,3789
3897,3790
3898,3791
3899,3792
3900,3793
3901,3794
3902,3795
3903,3796
3904,3797
3905,3798
3906,3799
3907,3800
3908,3801
3909,3802
3910,3803
3911,3804
3912,3805
3913,3806
3914,3807
3915,3808
3916,3809
3918,3810
3919,3811
3920,3812
3921,3813
3922,3814
3923,3815
3924,3816
3925,3817
3926,3818
3927,3819
3929,3820
3930,3821
3932,3822
3933,3823
3934,3824
3935,3825
3936,3826
3937,3827
3938,3828
3940,3829
3941,3830
3942,3831
3943,3832
3945,3833
3946,3834
3947,3835
3948,3836
3949,3837
3950,3838
3951,3839
3952,3840
3953,3841
3954,3842
3955,3843
3956,3844
3957,3845
3958,3846
3959,3847
3960,3848
3961,3849
3962,3850
3963,3851
3964,3852
3965,3853
3966,3854
3967,3855
3968,3856
3969,3857
3970,3858
3971,3859
3973,3860
3974,3861
3975,3862
3976,3863
3978,3864
3979,3865
3980,3866
3982,3867
3983,3868
3984,3869
3985,3870
3986,3871
3987,3872
3988,3873
3989,3874
3990,3875
3991,3876
3992,3877
3993,3878
3994,3879
3995,3880
3996,3881
3997,3882
3998,3883
3999,3884
4000,3885
4001,3886
4002,3887
4003,3888
4004,3889
4005,3890
4006,3891
4007,3892
4008,3893
4009,3894
4010,3895
4011,3896
4012,3897
4013,3898
4014,3899
4015,3900
4016,3901
4017,3902
4018,3903
4019,3904
4020,3905
4021,3906
4022,3907
4023,3908
4024,3909
4025,3910
4026,3911
4027,3912
4028,3913
4029,3914
4030,3915
4031,3916
4032,3917
4033,3918
4034,3919
4035,3920
4036,3921
4037,3922
4038,3923
4039,3924
4040,3925
4041,3926
4042,3927
4043,3928
4044,3929
4046,3930
4047,3931
4048,3932
4049,3933
4050,3934
4051,3935
4052,3936
4053,3937
4055,3938
4056,3939
4057,3940
4058,3941
4060,3942
4061,3943
4062,3944
4063,3945
4064,3946
4065,3947
4066,3948
4067,3949
4068,3950
4069,3951
4070,3952
4071,3953
4074,3954
4075,3955
4076,3956
4077,3957
4078,3958
4079,3959
4080,3960
4081,3961
4083,3962
4084,3963
4085,3964
4087,3965
4089,3966
4090,3967
4091,3968
4092,3969
4093,3970
4094,3971
4095,3972
4096,3973
4098,3974
4100,3975
4101,3976
4103,3977
4104,3978
4105,3979
4106,3980
4108,3981
4109,3982
4110,3983
4111,3984
4112,3985
4113,3986
4114,3987
4115,3988
4116,3989
4117,3990
4118,3991
4119,3992
4120,3993
4121,3994
4122,3995
4123,3996
4124,3997
4125,3998
4126,3999
4127,4000
4128,4001
4129,4002
4130,4003
4131,4004
4132,4005
4133,4006
4134,4007
4135,4008
4136,4009
4137,4010
4138,4011
4139,4012
4140,4013
4141,4014
4142,4015
4145,4016
4146,4017
4148,4018
4149,4019
4150,4020
4152,4021
4153,4022
4154,4023
4155,4024
4156,4025
4157,4026
4158,4027
4159,4028
4162,4029
4163,4030
4164,4031
4165,4032
4166,4033
4167,4034
4168,4035
4169,4036
4170,4037
4171,4038
4172,4039
4173,4040
4174,4041
4175,4042
4176,4043
4177,4044
4178,4045
4180,4046
4181,4047
4182,4048
4183,4049
4185,4050
4187,4051
4188,4052
4189,4053
4190,4054
4192,4055
4193,4056
4194,4057
4195,4058
4196,4059
4197,4060
4199,4061
4200,4062
4201,4063
4202,4064
4203,4065
4204,4066
4206,4067
4207,4068
4208,4069
4209,4070
4210,4071
4212,4072
4213,4073
4214,4074
4215,4075
4216,4076
4217,4077
4218,4078
4219,4079
4220,4080
4221,4081
4222,4082
4223,4083
4224,4084
4226,4085
4227,4086
4228,4087
4230,4088
4231,4089
4232,4090
4233,4091
4234,4092
4236,4093
4237,4094
4238,4095
4239,4096
4240,4097
4242,4098
4243,4099
4244,4100
4245,4101
4246,4102
4247,4103
4249,4104
4250,4105
4251,4106
4252,4107
4253,4108
4254,4109
4255,4110
4256,4111
4257,4112
4258,4113
4259,4114
4261,4115
4263,4116
4265,4117
4266,4118
4267,4119
4268,4120
4269,4121
4270,4122
4271,4123
4272,4124
4273,4125
4274,4126
4275,4127
4276,4128
4277,4129
4278,4130
4279,4131
4280,4132
4281,4133
4282,4134
4283,4135
4284,4136
4285,4137
4286,4138
4288,4139
4289,4140
4290,4141
4291,4142
4293,4143
4294,4144
4295,4145
4296,4146
4297,4147
4298,4148
4299,4149
4301,4150
4302,4151
4303,4152
4304,4153
4305,4154
4306,4155
4307,4156
4308,4157
4309,4158
4310,4159
4311,4160
4313,4161
4314,4162
4315,4163
4316,4164
4317,4165
4318,4166
4319,4167
4320,4168
4321,4169
4322,4170
4324,4171
4325,4172
4326,4173
4327,4174
4328,4175
4329,4176
4330,4177
4332,4178
4333,4179
4334,4180
4335,4181
4336,4182
4337,4183
4338,4184
4339,4185
4340,4186
4342,4187
4343,4188
4344,4189
4345,4190
4347,4191
4348,4192
4349,4193
4350,4194
4351,4195
4352,4196
4353,4197
4354,4198
4355,4199
4357,4200
4358,4201
4359,4202
4360,4203
4361,4204
4362,4205
4363,4206
4365,4207
4367,4208
4368,4209
4369,4210
4370,4211
4371,4212
4374,4213
4375,4214
4377,4215
4378,4216
4379,4217
4380,4218
4381,4219
4382,4220
4383,4221
4384,4222
4385,4223
4386,4224
4387,4225
4388,4226
4389,4227
4390,4228
4391,4229
4392,4230
4393,4231
4394,4232
4395,4233
4396,4234
4397,4235
4400,4236
4401,4237
4402,4238
4403,4239
4406,4240
4407,4241
4408,4242
4409,4243
4412,4244
4413,4245
4414,4246
4416,4247
4417,4248
4418,4249
4419,4250
4420,4251
4421,4252
4422,4253
4423,4254
4424,4255
4425,4256
4426,4257
4427,4258
4428,4259
4429,4260
4430,4261
4431,4262
4432,4263
4433,4264
4434,4265
4435,4266
4436,4267
4437,4268
4438,4269
4439,4270
4440,4271
4441,4272
4442,4273
4443,4274
4444,4275
4445,4276
4446,4277
4447,4278
4448,4279
4449,4280
4450,4281
4451,4282
4452,4283
4453,4284
4454,4285
4455,4286
4456,4287
4458,4288
4459,4289
4460,4290
4461,4291
4462,4292
4463,4293
4464,4294
4466,4295
4467,4296
4468,4297
4469,4298
4470,4299
4471,4300
4472,4301
4473,4302
4474,4303
4475,4304
4476,4305
4479,4306
4480,4307
4481,4308
4483,4309
4485,4310
4486,4311
4487,4312
4488,4313
4489,4314
4490,4315
4491,4316
4492,4317
4493,4318
4494,4319
4497,4320
4498,4321
4499,4322
4500,4323
4502,4324
4503,4325
4504,4326
4505,4327
4506,4328
4507,4329
4508,4330
4509,4331
4510,4332
4512,4333
4513,4334
4514,4335
4515,4336
4516,4337
4517,4338
4519,4339
4520,4340
4521,4341
4522,4342
4523,4343
4524,4344
4525,4345
4526,4346
4527,4347
4528,4348
4529,4349
4530,4350
4531,4351
4532,4352
4533,4353
4534,4354
4535,4355
4537,4356
4538,4357
4539,4358
4540,4359
4541,4360
4542,4361
4543,4362
4544,4363
4546,4364
4547,4365
4548,4366
4549,4367
4550,4368
4551,4369
4552,4370
4553,4371
4554,4372
4555,4373
4556,4374
4557,4375
4559,4376
4560,4377
4561,4378
4562,4379
4563,4380
4564,4381
4565,4382
4566,4383
4567,4384
4568,4385
4570,4386
4571,4387
4572,4388
4573,4389
4574,4390
4575,4391
4576,4392
4577,4393
4578,4394
4579,4395
4580,4396
4581,4397
4582,4398
4583,4399
4584,4400
4585,4401
4586,4402
4587,4403
4588,4404
4589,4405
4590,4406
4592,4407
4593,4408
4594,4409
4595,4410
4596,4411
4597,4412
4598,4413
4599,4414
4600,4415
4601,4416
4602,4417
4603,4418
4605,4419
4606,4420
4607,4421
4608,4422
4609,4423
4610,4424
4611,4425
4612,4426
4613,4427
4614,4428
4615,4429
4616,4430
4617,4431
4618,4432
4619,4433
4620,4434
4621,4435
4622,4436
4623,4437
4624,4438
4626,4439
4627,4440
4629,4441
4630,4442
4631,4443
4632,4444
4633,4445
4634,4446
4635,4447
4636,4448
4638,4449
4639,4450
4640,4451
4641,4452
4642,4453
4643,4454
4644,4455
4645,4456
4646,4457
4647,4458
4649,4459
4650,4460
4651,4461
4652,4462
4653,4463
4654,4464
4656,4465
4657,4466
4658,4467
4659,4468
4660,4469
4661,4470
4662,4471
4663,4472
4665,4473
4666,4474
4667,4475
4669,4476
4670,4477
4671,4478
4672,4479
4673,4480
4674,4481
4675,4482
4678,4483
4679,4484
4680,4485
4681,4486
4682,4487
4683,4488
4684,4489
4685,4490
4686,4491
4687,4492
4688,4493
4690,4494
4691,4495
4692,4496
4694,4497
4695,4498
4696,4499
4697,4500
4698,4501
4700,4502
4701,4503
4703,4504
4704,4505
4705,4506
4706,4507
4708,4508
4709,4509
4710,4510
4711,4511
4712,4512
4713,4513
4714,4514
4715,4515
4716,4516
4718,4517
4719,4518
4720,4519
4722,4520
4724,4521
4725,4522
4726,4523
4727,4524
4728,4525
4729,4526
4730,4527
4731,4528
4732,4529
4733,4530
4734,4531
4735,4532
4736,4533
4739,4534
4740,4535
4744,4536
4745,4537
4746,4538
4747,4539
4748,4540
4749,4541
4750,4542
4751,4543
4753,4544
4754,4545
4755,4546
4756,4547
4757,4548
4758,4549
4759,4550
4761,4551
4767,4552
4768,4553
4771,4554
4772,4555
4773,4556
4774,4557
4775,4558
4776,4559
4777,4560
4779,4561
4781,4562
4782,4563
4784,4564
4786,4565
4787,4566
4788,4567
4789,4568
4790,4569
4791,4570
4793,4571
4794,4572
4795,4573
4796,4574
4797,4575
4798,4576
4799,4577
4800,4578
4801,4579
4802,4580
4805,4581
4806,4582
4807,4583
4808,4584
4810,4585
4811,4586
4812,4587
4813,4588
4815,4589
4816,4590
4817,4591
4819,4592
4820,4593
4821,4594
4822,4595
4824,4596
4825,4597
4826,4598
4827,4599
4828,4600
4830,4601
4831,4602
4832,4603
4834,4604
4836,4605
4837,4606
4838,4607
4839,4608
4840,4609
4841,4610
4842,4611
4843,4612
4844,4613
4845,4614
4846,4615
4847,4616
4848,4617
4849,4618
4850,4619
4852,4620
4854,4621
4855,4622
4856,4623
4857,4624
4858,4625
4859,4626
4860,4627
4861,4628
4862,4629
4863,4630
4864,4631
4865,4632
4867,4633
4868,4634
4869,4635
4870,4636
4871,4637
4872,4638
4873,4639
4874,4640
4875,4641
4876,4642
4877,4643
4879,4644
4880,4645
4881,4646
4882,4647
4883,4648
4884,4649
4885,4650
4886,4651
4887,4652
4888,4653
4889,4654
4890,4655
4891,4656
4892,4657
4895,4658
4896,4659
4897,4660
4898,4661
4899,4662
4900,4663
4901,4664
4902,4665
4903,4666
4904,4667
4905,4668
4906,4669
4908,4670
4909,4671
4911,4672
4912,4673
4914,4674
4915,4675
4916,4676
4917,4677
4920,4678
4921,4679
4922,4680
4923,4681
4924,4682
4925,4683
4926,4684
4927,4685
4928,4686
4929,4687
4931,4688
4932,4689
4933,4690
4934,4691
4937,4692
4938,4693
4939,4694
4941,4695
4942,4696
4944,4697
4946,4698
4947,4699
4948,4700
4949,4701
4950,4702
4954,4703
4955,4704
4956,4705
4957,4706
4959,4707
4960,4708
4961,4709
4964,4710
4965,4711
4966,4712
4967,4713
4968,4714
4969,4715
4970,4716
4971,4717
4972,4718
4973,4719
4974,4720
4976,4721
4977,4722
4978,4723
4979,4724
4981,4725
4982,4726
4983,4727
4985,4728
4986,4729
4987,4730
4988,4731
4989,4732
4992,4733
4993,4734
4994,4735
4995,4736
4996,4737
4997,4738
4998,4739
4999,4740
5000,4741
5003,4742
5004,4743
5006,4744
5007,4745
5008,4746
5010,4747
5011,4748
5012,4749
5013,4750
5014,4751
5015,4752
5016,4753
5017,4754
5018,4755
5019,4756
5020,4757
5023,4758
5024,4759
5025,4760
5026,4761
5027,4762
5028,4763
5029,4764
5030,4765
5031,4766
5032,4767
5033,4768
5034,4769
5035,4770
5036,4771
5037,4772
5039,4773
5040,4774
5041,4775
5042,4776
5043,4777
5044,4778
5045,4779
5047,4780
5048,4781
5049,4782
5050,4783
5051,4784
5052,4785
5054,4786
5055,4787
5056,4788
5057,4789
5058,4790
5059,4791
5060,4792
5061,4793
5062,4794
5065,4795
5066,4796
5067,4797
5068,4798
5069,4799
5070,4800
5071,4801
5072,4802
5073,4803
5075,4804
5076,4805
5077,4806
5079,4807
5080,4808
5082,4809
5083,4810
5084,4811
5085,4812
5086,4813
5087,4814
5088,4815
5089,4816
5090,4817
5091,4818
5092,4819
5093,4820
5094,4821
5095,4822
5097,4823
5099,4824
5100,4825
5101,4826
5103,4827
5104,4828
5105,4829
5106,4830
5107,4831
5108,4832
5109,4833
5110,4834
5112,4835
5113,4836
5114,4837
5115,4838
5117,4839
5118,4840
5119,4841
5120,4842
5121,4843
5122,4844
5123,4845
5124,4846
5125,4847
5127,4848
5128,4849
5129,4850
5133,4851
5134,4852
5135,4853
5136,4854
5137,4855
5138,4856
5139,4857
5141,4858
5143,4859
5144,4860
5145,4861
5146,4862
5147,4863
5148,4864
5149,4865
5150,4866
5151,4867
5152,4868
5153,4869
5155,4870
5156,4871
5157,4872
5158,4873
5159,4874
5160,4875
5161,4876
5162,4877
5163,4878
5164,4879
5165,4880
5166,4881
5167,4882
5168,4883
5171,4884
5173,4885
5174,4886
5175,4887
5176,4888
5177,4889
5179,4890
5180,4891
5181,4892
5182,4893
5184,4894
5185,4895
5186,4896
5187,4897
5188,4898
5189,4899
5190,4900
5191,4901
5192,4902
5193,4903
5194,4904
5195,4905
5196,4906
5197,4907
5198,4908
5199,4909
5201,4910
5202,4911
5203,4912
5204,4913
5206,4914
5207,4915
5209,4916
5210,4917
5211,4918
5214,4919
5215,4920
5216,4921
5217,4922
5218,4923
5219,4924
5220,4925
5221,4926
5222,4927
5223,4928
5224,4929
5225,4930
5226,4931
5227,4932
5229,4933
5230,4934
5231,4935
5232,4936
5233,4937
5235,4938
5236,4939
5237,4940
5238,4941
5239,4942
5240,4943
5242,4944
5243,4945
5247,4946
5248,4947
5249,4948
5250,4949
5251,4950
5252,4951
5253,4952
5254,4953
5256,4954
5257,4955
5258,4956
5259,4957
5260,4958
5261,4959
5262,4960
5263,4961
5264,4962
5265,4963
5269,4964
5270,4965
5271,4966
5273,4967
5274,4968
5277,4969
5278,4970
5279,4971
5282,4972
5283,4973
5284,4974
5286,4975
5287,4976
5288,4977
5289,4978
5290,4979
5292,4980
5293,4981
5294,4982
5295,4983
5296,4984
5297,4985
5298,4986
5299,4987
5301,4988
5302,4989
5303,4990
5304,4991
5305,4992
5306,4993
5307,4994
5308,4995
5309,4996
5310,4997
5311,4998
5312,4999
5313,5000
5314,5001
5315,5002
5316,5003
5317,5004
5319,5005
5320,5006
5321,5007
5322,5008
5323,5009
5324,5010
5326,5011
5327,5012
5328,5013
5329,5014
5330,5015
5331,5016
5332,5017
5337,5018
5338,5019
5340,5020
5341,5021
5342,5022
5343,5023
5344,5024
5345,5025
5346,5026
5347,5027
5348,5028
5349,5029
5350,5030
5351,5031
5352,5032
5354,5033
5355,5034
5356,5035
5357,5036
5358,5037
5359,5038
5360,5039
5361,5040
5363,5041
5364,5042
5365,5043
5366,5044
5367,5045
5368,5046
5369,5047
5370,5048
5371,5049
5372,5050
5375,5051
5376,5052
5378,5053
5381,5054
5382,5055
5383,5056
5384,5057
5385,5058
5386,5059
5387,5060
5388,5061
5389,5062
5390,5063
5391,5064
5392,5065
5393,5066
5394,5067
5395,5068
5396,5069
5397,5070
5398,5071
5399,5072
5400,5073
5401,5074
5402,5075
5403,5076
5404,5077
5405,5078
5406,5079
5407,5080
5408,5081
5409,5082
5410,5083
5411,5084
5412,5085
5414,5086
5415,5087
5416,5088
5417,5089
5418,5090
5419,5091
5420,5092
5421,5093
5422,5094
5425,5095
5427,5096
5428,5097
5429,5098
5430,5099
5431,5100
5433,5101
5434,5102
5436,5103
5437,5104
5438,5105
5439,5106
5440,5107
5441,5108
5442,5109
5443,5110
5444,5111
5445,5112
5446,5113
5447,5114
5448,5115
5449,5116
5454,5117
5455,5118
5456,5119
5457,5120
5458,5121
5459,5122
5460,5123
5461,5124
5462,5125
5463,5126
5464,5127
5465,5128
5466,5129
5467,5130
5468,5131
5469,5132
5470,5133
5472,5134
5473,5135
5474,5136
5475,5137
5478,5138
5479,5139
5480,5140
5481,5141
5482,5142
5485,5143
5486,5144
5488,5145
5489,5146
5490,5147
5491,5148
5492,5149
5494,5150
5496,5151
5497,5152
5498,5153
5499,5154
5500,5155
5501,5156
5503,5157
5504,5158
5505,5159
5506,5160
5507,5161
5508,5162
5509,5163
5510,5164
5511,5165
5512,5166
5513,5167
5514,5168
5515,5169
5517,5170
5518,5171
5519,5172
5520,5173
5521,5174
5522,5175
5524,5176
5525,5177
5526,5178
5527,5179
5528,5180
5532,5181
5533,5182
5534,5183
5536,5184
5537,5185
5538,5186
5539,5187
5540,5188
5541,5189
5544,5190
5545,5191
5547,5192
5548,5193
5550,5194
5551,5195
5552,5196
5553,5197
5554,5198
5556,5199
5557,5200
5558,5201
5559,5202
5560,5203
5561,5204
5562,5205
5563,5206
5564,5207
5565,5208
5567,5209
5568,5210
5569,5211
5570,5212
5573,5213
5574,5214
5576,5215
5577,5216
5578,5217
5579,5218
5580,5219
5581,5220
5582,5221
5583,5222
5584,5223
5585,5224
5586,5225
5587,5226
5588,5227
5589,5228
5590,5229
5591,5230
5592,5231
5593,5232
5595,5233
5596,5234
5598,5235
5599,5236
5600,5237
5601,5238
5603,5239
5604,5240
5605,5241
5607,5242
5609,5243
5611,5244
5612,5245
5613,5246
5614,5247
5615,5248
5616,5249
5617,5250
5619,5251
5620,5252
5621,5253
5623,5254
5624,5255
5625,5256
5627,5257
5628,5258
5629,5259
5630,5260
5632,5261
5634,5262
5636,5263
5637,5264
5638,5265
5639,5266
5641,5267
5642,5268
5644,5269
5645,5270
5646,5271
5648,5272
5650,5273
5652,5274
5654,5275
5655,5276
5656,5277
5657,5278
5658,5279
5659,5280
5660,5281
5661,5282
5662,5283
5663,5284
5664,5285
5665,5286
5666,5287
5667,5288
5668,5289
5669,5290
5671,5291
5672,5292
5673,5293
5674,5294
5676,5295
5677,5296
5678,5297
5680,5298
5681,5299
5683,5300
5684,5301
5685,5302
5686,5303
5687,5304
5688,5305
5689,5306
5692,5307
5693,5308
5694,5309
5695,5310
5696,5311
5697,5312
5700,5313
5703,5314
5704,5315
5705,5316
5707,5317
5708,5318
5709,5319
5710,5320
5711,5321
5714,5322
5715,5323
5716,5324
5717,5325
5718,5326
5719,5327
5721,5328
5722,5329
5723,5330
5726,5331
5728,5332
5729,5333
5732,5334
5734,5335
5735,5336
5737,5337
5738,5338
5739,5339
5741,5340
5742,5341
5743,5342
5744,5343
5745,5344
5746,5345
5747,5346
5748,5347
5749,5348
5750,5349
5751,5350
5752,5351
5753,5352
5754,5353
5755,5354
5756,5355
5757,5356
5758,5357
5759,5358
5760,5359
5763,5360
5764,5361
5765,5362
5766,5363
5767,5364
5769,5365
5770,5366
5771,5367
5772,5368
5773,5369
5774,5370
5775,5371
5776,5372
5777,5373
5781,5374
5782,5375
5783,5376
5785,5377
5787,5378
5789,5379
5790,5380
5791,5381
5793,5382
5794,5383
5795,5384
5797,5385
5798,5386
5799,5387
5800,5388
5801,5389
5802,5390
5803,5391
5804,5392
5805,5393
5807,5394
5808,5395
5810,5396
5811,5397
5813,5398
5814,5399
5815,5400
5816,5401
5817,5402
5818,5403
5819,5404
5822,5405
5823,5406
5825,5407
5826,5408
5827,5409
5829,5410
5832,5411
5833,5412
5834,5413
5835,5414
5836,5415
5837,5416
5838,5417
5839,5418
5840,5419
5842,5420
5843,5421
5844,5422
5845,5423
5848,5424
5852,5425
5853,5426
5855,5427
5856,5428
5857,5429
5858,5430
5860,5431
5861,5432
5862,5433
5863,5434
5864,5435
5865,5436
5867,5437
5868,5438
5869,5439
5870,5440
5871,5441
5872,5442
5874,5443
5875,5444
5876,5445
5877,5446
5878,5447
5879,5448
5880,5449
5881,5450
5883,5451
5884,5452
5885,5453
5886,5454
5889,5455
5890,5456
5891,5457
5892,5458
5894,5459
5895,5460
5896,5461
5897,5462
5898,5463
5899,5464
5900,5465
5901,5466
5902,5467
5903,5468
5905,5469
5906,5470
5907,5471
5908,5472
5910,5473
5911,5474
5912,5475
5913,5476
5914,5477
5915,5478
5916,5479
5918,5480
5920,5481
5921,5482
5922,5483
5923,5484
5924,5485
5925,5486
5926,5487
5927,5488
5928,5489
5929,5490
5930,5491
5931,5492
5932,5493
5933,5494
5934,5495
5935,5496
5936,5497
5938,5498
5939,5499
5940,5500
5941,5501
5942,5502
5944,5503
5945,5504
5946,5505
5947,5506
5948,5507
5949,5508
5950,5509
5951,5510
5952,5511
5954,5512
5956,5513
5957,5514
5958,5515
5960,5516
5961,5517
5964,5518
5965,5519
5966,5520
5967,5521
5969,5522
5972,5523
5973,5524
5975,5525
5976,5526
5977,5527
5978,5528
5980,5529
5981,5530
5982,5531
5984,5532
5985,5533
5987,5534
5988,5535
5989,5536
5991,5537
5992,5538
5993,5539
5995,5540
5997,5541
5999,5542
6000,5543
6002,5544
6003,5545
6004,5546
6005,5547
6006,5548
6007,5549
6009,5550
6010,5551
6011,5552
6012,5553
6013,5554
6014,5555
6016,5556
6017,5557
6018,5558
6020,5559
6021,5560
6022,5561
6023,5562
6024,5563
6025,5564
6028,5565
6029,5566
6033,5567
6035,5568
6036,5569
6038,5570
6039,5571
6041,5572
6042,5573
6043,5574
6045,5575
6046,5576
6047,5577
6048,5578
6049,5579
6050,5580
6051,5581
6053,5582
6054,5583
6056,5584
6057,5585
6059,5586
6061,5587
6063,5588
6064,5589
6066,5590
6067,5591
6068,5592
6069,5593
6073,5594
6074,5595
6076,5596
6078,5597
6079,5598
6080,5599
6082,5600
6083,5601
6084,5602
6086,5603
6087,5604
6088,5605
6090,5606
6091,5607
6092,5608
6096,5609
6097,5610
6101,5611
6102,5612
6104,5613
6105,5614
6106,5615
6107,5616
6109,5617
6112,5618
6113,5619
6114,5620
6115,5621
6116,5622
6117,5623
6118,5624
6119,5625
6121,5626
6122,5627
6123,5628
6125,5629
6126,5630
6128,5631
6129,5632
6130,5633
6131,5634
6132,5635
6133,5636
6134,5637
6135,5638
6136,5639
6137,5640
6138,5641
6139,5642
6140,5643
6143,5644
6144,5645
6146,5646
6147,5647
6148,5648
6150,5649
6151,5650
6152,5651
6153,5652
6154,5653
6155,5654
6156,5655
6158,5656
6161,5657
6162,5658
6163,5659
6164,5660
6165,5661
6166,5662
6167,5663
6168,5664
6169,5665
6170,5666
6171,5667
6172,5668
6173,5669
6174,5670
6175,5671
6177,5672
6178,5673
6179,5674
6180,5675
6181,5676
6182,5677
6183,5678
6184,5679
6185,5680
6186,5681
6187,5682
6188,5683
6189,5684
6190,5685
6191,5686
6192,5687
6194,5688
6195,5689
6196,5690
6199,5691
6200,5692
6201,5693
6202,5694
6204,5695
6207,5696
6208,5697
6210,5698
6211,5699
6212,5700
6213,5701
6215,5702
6216,5703
6218,5704
6223,5705
6225,5706
6227,5707
6228,5708
6229,5709
6230,5710
6231,5711
6233,5712
6234,5713
6235,5714
6236,5715
6237,5716
6238,5717
6239,5718
6242,5719
6243,5720
6244,5721
6246,5722
6248,5723
6249,5724
6251,5725
6252,5726
6254,5727
6255,5728
6256,5729
6257,5730
6258,5731
6259,5732
6260,5733
6261,5734
6262,5735
6263,5736
6264,5737
6266,5738
6267,5739
6270,5740
6272,5741
6273,5742
6274,5743
6276,5744
6277,5745
6278,5746
6279,5747
6280,5748
6281,5749
6282,5750
6283,5751
6284,5752
6285,5753
6287,5754
6288,5755
6291,5756
6292,5757
6293,5758
6294,5759
6295,5760
6296,5761
6297,5762
6298,5763
6299,5764
6300,5765
6301,5766
6302,5767
6304,5768
6305,5769
6306,5770
6307,5771
6309,5772
6310,5773
6311,5774
6313,5775
6314,5776
6317,5777
6318,5778
6319,5779
6321,5780
6322,5781
6323,5782
6325,5783
6326,5784
6327,5785
6328,5786
6329,5787
6330,5788
6331,5789
6333,5790
6334,5791
6335,5792
6336,5793
6338,5794
6340,5795
6342,5796
6343,5797
6344,5798
6345,5799
6347,5800
6348,5801
6349,5802
6350,5803
6351,5804
6352,5805
6353,5806
6355,5807
6356,5808
6357,5809
6358,5810
6360,5811
6361,5812
6364,5813
6366,5814
6368,5815
6369,5816
6371,5817
6372,5818
6373,5819
6374,5820
6375,5821
6376,5822
6377,5823
6380,5824
6381,5825
6382,5826
6383,5827
6385,5828
6386,5829
6387,5830
6389,5831
6390,5832
6394,5833
6395,5834
6396,5835
6397,5836
6399,5837
6402,5838
6404,5839
6405,5840
6406,5841
6407,5842
6409,5843
6411,5844
6413,5845
6417,5846
6418,5847
6422,5848
6423,5849
6425,5850
6427,5851
6428,5852
6429,5853
6430,5854
6433,5855
6436,5856
6438,5857
6439,5858
6440,5859
6442,5860
6443,5861
6445,5862
6446,5863
6447,5864
6448,5865
6450,5866
6451,5867
6453,5868
6454,5869
6455,5870
6456,5871
6457,5872
6458,5873
6460,5874
6461,5875
6462,5876
6465,5877
6467,5878
6471,5879
6472,5880
6474,5881
6475,5882
6477,5883
6478,5884
6479,5885
6480,5886
6481,5887
6483,5888
6484,5889
6486,5890
6488,5891
6489,5892
6490,5893
6491,5894
6492,5895
6495,5896
6496,5897
6497,5898
6498,5899
6500,5900
6501,5901
6502,5902
6503,5903
6504,5904
6505,5905
6507,5906
6508,5907
6509,5908
6510,5909
6512,5910
6514,5911
6515,5912
6516,5913
6517,5914
6518,5915
6519,5916
6520,5917
6521,5918
6523,5919
6526,5920
6529,5921
6530,5922
6531,5923
6533,5924
6534,5925
6535,5926
6536,5927
6538,5928
6539,5929
6541,5930
6544,5931
6546,5932
6547,5933
6549,5934
6550,5935
6551,5936
6552,5937
6553,5938
6554,5939
6555,5940
6556,5941
6557,5942
6558,5943
6561,5944
6563,5945
6564,5946
6565,5947
6566,5948
6568,5949
6569,5950
6571,5951
6575,5952
6577,5953
6578,5954
6579,5955
6580,5956
6581,5957
6582,5958
6585,5959
6587,5960
6588,5961
6589,5962
6590,5963
6591,5964
6592,5965
6593,5966
6594,5967
6595,5968
6596,5969
6597,5970
6600,5971
6601,5972
6602,5973
6604,5974
6606,5975
6607,5976
6610,5977
6611,5978
6612,5979
6614,5980
6615,5981
6616,5982
6618,5983
6619,5984
6620,5985
6621,5986
6623,5987
6624,5988
6627,5989
6628,5990
6629,5991
6631,5992
6632,5993
6633,5994
6634,5995
6636,5996
6638,5997
6640,5998
6642,5999
6644,6000
6645,6001
6647,6002
6648,6003
6650,6004
6652,6005
6653,6006
6654,6007
6656,6008
6658,6009
6659,6010
6660,6011
6661,6012
6662,6013
6664,6014
6665,6015
6666,6016
6667,6017
6668,6018
6669,6019
6670,6020
6671,6021
6672,6022
6673,6023
6675,6024
6678,6025
6679,6026
6681,6027
6682,6028
6683,6029
6684,6030
6685,6031
6686,6032
6688,6033
6690,6034
6691,6035
6692,6036
6693,6037
6694,6038
6695,6039
6696,6040
6697,6041
6698,6042
6699,6043
6701,6044
6702,6045
6706,6046
6707,6047
6709,6048
6713,6049
6715,6050
6716,6051
6719,6052
6720,6053
6721,6054
6722,6055
6724,6056
6725,6057
6726,6058
6727,6059
6728,6060
6729,6061
6731,6062
6732,6063
6733,6064
6734,6065
6736,6066
6737,6067
6738,6068
6742,6069
6743,6070
6744,6071
6745,6072
6746,6073
6747,6074
6748,6075
6750,6076
6751,6077
6752,6078
6753,6079
6754,6080
6755,6081
6756,6082
6757,6083
6758,6084
6759,6085
6760,6086
6761,6087
6762,6088
6763,6089
6765,6090
6766,6091
6767,6092
6768,6093
6769,6094
6770,6095
6773,6096
6774,6097
6775,6098
6777,6099
6778,6100
6779,6101
6780,6102
6783,6103
6784,6104
6787,6105
6788,6106
6789,6107
6790,6108
6791,6109
6792,6110
6793,6111
6795,6112
6796,6113
6797,6114
6798,6115
6799,6116
6801,6117
6802,6118
6804,6119
6805,6120
6806,6121
6807,6122
6808,6123
6810,6124
6811,6125
6812,6126
6813,6127
6814,6128
6815,6129
6816,6130
6817,6131
6818,6132
6821,6133
6822,6134
6823,6135
6826,6136
6827,6137
6828,6138
6829,6139
6830,6140
6831,6141
6833,6142
6834,6143
6835,6144
6836,6145
6837,6146
6838,6147
6841,6148
6842,6149
6845,6150
6850,6151
6851,6152
6852,6153
6853,6154
6854,6155
6855,6156
6858,6157
6860,6158
6861,6159
6863,6160
6864,6161
6865,6162
6866,6163
6869,6164
6870,6165
6871,6166
6872,6167
6873,6168
6876,6169
6877,6170
6878,6171
6880,6172
6883,6173
6885,6174
6887,6175
6888,6176
6889,6177
6891,6178
6892,6179
6895,6180
6896,6181
6901,6182
6902,6183
6903,6184
6905,6185
6906,6186
6908,6187
6909,6188
6910,6189
6912,6190
6914,6191
6915,6192
6916,6193
6917,6194
6918,6195
6919,6196
6920,6197
6923,6198
6924,6199
6927,6200
6931,6201
6932,6202
6933,6203
6934,6204
6935,6205
6936,6206
6938,6207
6942,6208
6944,6209
6946,6210
6947,6211
6950,6212
6951,6213
6952,6214
6954,6215
6955,6216
6956,6217
6958,6218
6959,6219
6963,6220
6967,6221
6968,6222
6970,6223
6972,6224
6973,6225
6975,6226
6980,6227
6981,6228
6982,6229
6985,6230
6987,6231
6990,6232
6994,6233
6995,6234
6996,6235
6998,6236
6999,6237
7001,6238
7002,6239
7003,6240
7006,6241
7007,6242
7008,6243
7010,6244
7011,6245
7012,6246
7013,6247
7014,6248
7015,6249
7016,6250
7017,6251
7020,6252
7021,6253
7026,6254
7027,6255
7029,6256
7030,6257
7034,6258
7035,6259
7038,6260
7040,6261
7041,6262
7042,6263
7044,6264
7047,6265
7048,6266
7049,6267
7052,6268
7053,6269
7054,6270
7055,6271
7056,6272
7059,6273
7065,6274
7066,6275
7070,6276
7074,6277
7075,6278
7077,6279
7078,6280
7079,6281
7080,6282
7081,6283
7082,6284
7083,6285
7086,6286
7087,6287
7088,6288
7089,6289
7090,6290
7092,6291
7093,6292
7095,6293
7096,6294
7098,6295
7099,6296
7101,6297
7102,6298
7103,6299
7105,6300
7106,6301
7107,6302
7108,6303
7109,6304
7112,6305
7113,6306
7115,6307
7116,6308
7118,6309
7119,6310
7120,6311
7121,6312
7122,6313
7123,6314
7124,6315
7126,6316
7127,6317
7128,6318
7132,6319
7133,6320
7135,6321
7137,6322
7138,6323
7139,6324
7140,6325
7141,6326
7143,6327
7145,6328
7149,6329
7150,6330
7151,6331
7152,6332
7154,6333
7155,6334
7157,6335
7158,6336
7160,6337
7162,6338
7164,6339
7166,6340
7169,6341
7170,6342
7171,6343
7175,6344
7176,6345
7177,6346
7178,6347
7179,6348
7180,6349
7184,6350
7186,6351
7187,6352
7193,6353
7195,6354
7197,6355
7199,6356
7204,6357
7205,6358
7208,6359
7209,6360
7210,6361
7211,6362
7212,6363
7213,6364
7214,6365
7215,6366
7218,6367
7219,6368
7222,6369
7223,6370
7225,6371
7226,6372
7227,6373
7228,6374
7230,6375
7231,6376
7232,6377
7234,6378
7236,6379
7238,6380
7239,6381
7241,6382
7243,6383
7244,6384
7245,6385
7246,6386
7247,6387
7248,6388
7250,6389
7251,6390
7253,6391
7254,6392
7257,6393
7258,6394
7259,6395
7260,6396
7261,6397
7262,6398
7263,6399
7265,6400
7266,6401
7267,6402
7268,6403
7271,6404
7272,6405
7273,6406
7274,6407
7280,6408
7282,6409
7283,6410
7285,6411
7286,6412
7288,6413
7289,6414
7290,6415
7292,6416
7293,6417
7295,6418
7296,6419
7297,6420
7298,6421
7300,6422
7304,6423
7308,6424
7309,6425
7310,6426
7311,6427
7313,6428
7316,6429
7319,6430
7320,6431
7323,6432
7325,6433
7328,6434
7329,6435
7330,6436
7331,6437
7333,6438
7335,6439
7336,6440
7338,6441
7339,6442
7340,6443
7343,6444
7344,6445
7345,6446
7346,6447
7347,6448
7348,6449
7349,6450
7350,6451
7351,6452
7352,6453
7353,6454
7354,6455
7357,6456
7358,6457
7359,6458
7365,6459
7366,6460
7370,6461
7371,6462
7372,6463
7373,6464
7375,6465
7377,6466
7378,6467
7379,6468
7382,6469
7383,6470
7384,6471
7386,6472
7387,6473
7390,6474
7391,6475
7392,6476
7393,6477
7394,6478
7395,6479
7396,6480
7397,6481
7401,6482
7407,6483
7408,6484
7409,6485
7410,6486
7411,6487
7414,6488
7416,6489
7417,6490
7418,6491
7423,6492
7425,6493
7426,6494
7427,6495
7428,6496
7429,6497
7430,6498
7431,6499
7435,6500
7436,6501
7438,6502
7439,6503
7441,6504
7446,6505
7448,6506
7452,6507
7454,6508
7455,6509
7456,6510
7458,6511
7459,6512
7460,6513
7463,6514
7464,6515
7466,6516
7468,6517
7469,6518
7470,6519
7471,6520
7474,6521
7476,6522
7478,6523
7479,6524
7481,6525
7482,6526
7486,6527
7490,6528
7491,6529
7493,6530
7496,6531
7497,6532
7498,6533
7500,6534
7501,6535
7503,6536
7504,6537
7505,6538
7506,6539
7508,6540
7509,6541
7511,6542
7512,6543
7513,6544
7514,6545
7517,6546
7519,6547
7520,6548
7522,6549
7525,6550
7529,6551
7535,6552
7538,6553
7539,6554
7541,6555
7544,6556
7545,6557
7549,6558
7551,6559
7555,6560
7556,6561
7557,6562
7558,6563
7561,6564
7562,6565
7563,6566
7564,6567
7566,6568
7568,6569
7570,6570
7571,6571
7572,6572
7573,6573
7574,6574
7575,6575
7576,6576
7578,6577
7579,6578
7582,6579
7583,6580
7584,6581
7586,6582
7589,6583
7591,6584
7592,6585
7596,6586
7597,6587
7598,6588
7599,6589
7600,6590
7601,6591
7603,6592
7604,6593
7605,6594
7607,6595
7609,6596
7610,6597
7611,6598
7613,6599
7615,6600
7616,6601
7617,6602
7618,6603
7619,6604
7620,6605
7621,6606
7625,6607
7627,6608
7631,6609
7632,6610
7633,6611
7634,6612
7635,6613
7638,6614
7640,6615
7641,6616
7642,6617
7644,6618
7645,6619
7646,6620
7647,6621
7648,6622
7649,6623
7652,6624
7655,6625
7660,6626
7662,6627
7664,6628
7667,6629
7668,6630
7669,6631
7673,6632
7675,6633
7678,6634
7681,6635
7683,6636
7690,6637
7691,6638
7692,6639
7696,6640
7697,6641
7698,6642
7699,6643
7704,6644
7706,6645
7707,6646
7708,6647
7710,6648
7714,6649
7716,6650
7717,6651
7719,6652
7720,6653
7721,6654
7722,6655
7728,6656
7731,6657
7733,6658
7734,6659
7735,6660
7737,6661
7738,6662
7739,6663
7741,6664
7742,6665
7745,6666
7747,6667
7748,6668
7749,6669
7750,6670
7751,6671
7755,6672
7759,6673
7765,6674
7766,6675
7767,6676
7769,6677
7771,6678
7775,6679
7776,6680
7777,6681
7780,6682
7781,6683
7783,6684
7785,6685
7786,6686
7787,6687
7788,6688
7789,6689
7791,6690
7793,6691
7794,6692
7797,6693
7802,6694
7804,6695
7805,6696
7806,6697
7808,6698
7809,6699
7811,6700
7812,6701
7813,6702
7814,6703
7816,6704
7817,6705
7818,6706
7820,6707
7822,6708
7824,6709
7825,6710
7826,6711
7828,6712
7829,6713
7830,6714
7832,6715
7833,6716
7834,6717
7836,6718
7838,6719
7840,6720
7841,6721
7843,6722
7848,6723
7850,6724
7851,6725
7853,6726
7855,6727
7858,6728
7867,6729
7868,6730
7871,6731
7872,6732
7874,6733
7878,6734
7880,6735
7883,6736
7884,6737
7886,6738
7887,6739
7888,6740
7891,6741
7892,6742
7893,6743
7895,6744
7896,6745
7898,6746
7899,6747
7900,6748
7901,6749
7904,6750
7905,6751
7906,6752
7907,6753
7909,6754
7911,6755
7914,6756
7917,6757
7918,6758
7919,6759
7923,6760
7924,6761
7925,6762
7927,6763
7928,6764
7931,6765
7934,6766
7935,6767
7938,6768
7940,6769
7941,6770
7943,6771
7944,6772
7945,6773
7946,6774
7950,6775
7951,6776
7957,6777
7959,6778
7960,6779
7961,6780
7968,6781
7969,6782
7970,6783
7971,6784
7972,6785
7973,6786
7976,6787
7978,6788
7980,6789
7981,6790
7982,6791
7986,6792
7987,6793
7988,6794
7990,6795
7991,6796
7993,6797
7995,6798
7996,6799
7997,6800
8005,6801
8007,6802
8008,6803
8009,6804
8011,6805
8012,6806
8016,6807
8018,6808
8019,6809
8026,6810
8029,6811
8030,6812
8031,6813
8035,6814
8036,6815
8037,6816
8038,6817
8039,6818
8040,6819
8045,6820
8047,6821
8049,6822
8050,6823
8051,6824
8053,6825
8055,6826
8062,6827
8065,6828
8066,6829
8067,6830
8068,6831
8070,6832
8071,6833
8073,6834
8074,6835
8075,6836
8077,6837
8080,6838
8081,6839
8082,6840
8085,6841
8087,6842
8090,6843
8091,6844
8093,6845
8094,6846
8096,6847
8097,6848
8098,6849
8099,6850
8103,6851
8107,6852
8109,6853
8111,6854
8117,6855
8121,6856
8122,6857
8124,6858
8127,6859
8128,6860
8131,6861
8132,6862
8133,6863
8134,6864
8136,6865
8138,6866
8141,6867
8142,6868
8143,6869
8148,6870
8149,6871
8152,6872
8154,6873
8155,6874
8156,6875
8161,6876
8162,6877
8163,6878
8165,6879
8166,6880
8168,6881
8169,6882
8171,6883
8173,6884
8175,6885
8184,6886
8185,6887
8186,6888
8188,6889
8189,6890
8192,6891
8193,6892
8195,6893
8196,6894
8197,6895
8198,6896
8203,6897
8206,6898
8207,6899
8208,6900
8210,6901
8211,6902
8213,6903
8214,6904
8215,6905
8216,6906
8218,6907
8221,6908
8222,6909
8225,6910
8228,6911
8230,6912
8231,6913
8236,6914
8237,6915
8239,6916
8243,6917
8244,6918
8245,6919
8249,6920
8250,6921
8254,6922
8256,6923
8258,6924
8260,6925
8261,6926
8262,6927
8264,6928
8269,6929
8273,6930
8275,6931
8276,6932
8277,6933
8281,6934
8282,6935
8289,6936
8294,6937
8295,6938
8299,6939
8300,6940
8301,6941
8306,6942
8309,6943
8311,6944
8316,6945
8317,6946
8319,6947
8320,6948
8323,6949
8324,6950
8326,6951
8329,6952
8332,6953
8334,6954
8337,6955
8339,6956
8340,6957
8346,6958
8347,6959
8348,6960
8349,6961
8350,6962
8352,6963
8357,6964
8358,6965
8359,6966
8360,6967
8361,6968
8366,6969
8370,6970
8371,6971
8373,6972
8378,6973
8379,6974
8384,6975
8385,6976
8386,6977
8388,6978
8391,6979
8393,6980
8396,6981
8397,6982
8398,6983
8399,6984
8401,6985
8404,6986
8405,6987
8409,6988
8412,6989
8413,6990
8416,6991
8418,6992
8422,6993
8424,6994
8425,6995
8427,6996
8428,6997
8430,6998
8431,6999
8432,7000
8433,7001
8435,7002
8436,7003
8439,7004
8440,7005
8444,7006
8445,7007
8446,7008
8448,7009
8449,7010
8450,7011
8452,7012
8457,7013
8459,7014
8460,7015
8463,7016
8464,7017
8465,7018
8467,7019
8468,7020
8469,7021
8470,7022
8471,7023
8474,7024
8475,7025
8476,7026
8478,7027
8482,7028
8484,7029
8486,7030
8491,7031
8492,7032
8495,7033
8504,7034
8505,7035
8506,7036
8507,7037
8508,7038
8510,7039
8512,7040
8514,7041
8516,7042
8523,7043
8525,7044
8529,7045
8531,7046
8537,7047
8539,7048
8541,7049
8542,7050
8545,7051
8550,7052
8556,7053
8558,7054
8563,7055
8565,7056
8566,7057
8568,7058
8578,7059
8579,7060
8581,7061
8582,7062
8586,7063
8587,7064
8590,7065
8591,7066
8592,7067
8594,7068
8596,7069
8600,7070
8602,7071
8608,7072
8609,7073
8615,7074
8619,7075
8620,7076
8624,7077
8625,7078
8626,7079
8630,7080
8631,7081
8632,7082
8637,7083
8638,7084
8640,7085
8644,7086
8647,7087
8651,7088
8652,7089
8654,7090
8656,7091
8658,7092
8659,7093
8662,7094
8664,7095
8665,7096
8667,7097
8672,7098
8674,7099
8676,7100
8677,7101
8679,7102
8681,7103
8683,7104
8692,7105
8693,7106
8694,7107
8696,7108
8699,7109
8700,7110
8703,7111
8705,7112
8706,7113
8708,7114
8710,7115
8716,7116
8722,7117
8724,7118
8725,7119
8726,7120
8727,7121
8728,7122
8729,7123
8730,7124
8731,7125
8733,7126
8735,7127
8740,7128
8746,7129
8750,7130
8753,7131
8755,7132
8756,7133
8759,7134
8760,7135
8763,7136
8764,7137
8766,7138
8767,7139
8768,7140
8771,7141
8774,7142
8776,7143
8777,7144
8781,7145
8783,7146
8785,7147
8787,7148
8789,7149
8790,7150
8791,7151
8798,7152
8799,7153
8801,7154
8802,7155
8803,7156
8808,7157
8811,7158
8813,7159
8814,7160
8816,7161
8817,7162
8819,7163
8822,7164
8824,7165
8826,7166
8829,7167
8830,7168
8832,7169
8833,7170
8837,7171
8838,7172
8841,7173
8843,7174
8849,7175
8850,7176
8851,7177
8853,7178
8856,7179
8857,7180
8860,7181
8863,7182
8864,7183
8867,7184
8868,7185
8870,7186
8873,7187
8874,7188
8881,7189
8884,7190
8885,7191
8887,7192
8893,7193
8894,7194
8896,7195
8898,7196
8899,7197
8900,7198
8905,7199
8906,7200
8909,7201
8910,7202
8911,7203
8914,7204
8916,7205
8922,7206
8923,7207
8924,7208
8931,7209
8939,7210
8944,7211
8949,7212
8951,7213
8960,7214
8961,7215
8965,7216
8969,7217
8972,7218
8973,7219
8976,7220
8978,7221
8979,7222
8982,7223
8983,7224
8986,7225
8987,7226
8988,7227
8994,7228
8995,7229
8998,7230
9000,7231
9006,7232
9010,7233
9012,7234
9019,7235
9021,7236
9022,7237
9023,7238
9024,7239
9025,7240
9026,7241
9029,7242
9042,7243
9043,7244
9044,7245
9045,7246
9054,7247
9057,7248
9058,7249
9059,7250
9062,7251
9063,7252
9065,7253
9068,7254
9070,7255
9072,7256
9074,7257
9077,7258
9079,7259
9084,7260
9085,7261
9095,7262
9096,7263
9103,7264
9104,7265
9112,7266
9115,7267
9116,7268
9121,7269
9125,7270
9133,7271
9139,7272
9140,7273
9141,7274
9144,7275
9145,7276
9147,7277
9149,7278
9152,7279
9154,7280
9156,7281
9157,7282
9158,7283
9163,7284
9164,7285
9166,7286
9170,7287
9175,7288
9180,7289
9184,7290
9185,7291
9188,7292
9192,7293
9194,7294
9195,7295
9198,7296
9199,7297
9200,7298
9205,7299
9206,7300
9213,7301
9215,7302
9216,7303
9217,7304
9225,7305
9226,7306
9230,7307
9232,7308
9233,7309
9234,7310
9235,7311
9239,7312
9240,7313
9241,7314
9253,7315
9255,7316
9257,7317
9259,7318
9266,7319
9267,7320
9268,7321
9270,7322
9281,7323
9288,7324
9290,7325
9295,7326
9299,7327
9302,7328
9305,7329
9308,7330
9309,7331
9313,7332
9317,7333
9330,7334
9331,7335
9333,7336
9343,7337
9349,7338
9360,7339
9363,7340
9371,7341
9372,7342
9373,7343
9376,7344
9382,7345
9383,7346
9386,7347
9388,7348
9391,7349
9392,7350
9393,7351
9400,7352
9403,7353
9406,7354
9407,7355
9408,7356
9409,7357
9410,7358
9424,7359
9428,7360
9433,7361
9434,7362
9437,7363
9440,7364
9447,7365
9450,7366
9454,7367
9455,7368
9462,7369
9463,7370
9468,7371
9469,7372
9471,7373
9476,7374
9478,7375
9480,7376
9481,7377
9493,7378
9494,7379
9496,7380
9503,7381
9504,7382
9506,7383
9508,7384
9511,7385
9513,7386
9514,7387
9516,7388
9519,7389
9525,7390
9532,7391
9533,7392
9538,7393
9542,7394
9545,7395
9546,7396
9552,7397
9556,7398
9557,7399
9559,7400
9566,7401
9574,7402
9577,7403
9579,7404
9588,7405
9592,7406
9599,7407
9600,7408
9605,7409
9608,7410
9609,7411
9621,7412
9622,7413
9623,7414
9630,7415
9635,7416
9636,7417
9639,7418
9643,7419
9645,7420
9647,7421
9650,7422
9655,7423
9657,7424
9661,7425
9663,7426
9668,7427
9675,7428
9676,7429
9684,7430
9685,7431
9689,7432
9699,7433
9711,7434
9715,7435
9719,7436
9722,7437
9723,7438
9731,7439
9743,7440
9744,7441
9746,7442
9747,7443
9748,7444
9749,7445
9750,7446
9758,7447
9761,7448
9767,7449
9772,7450
9773,7451
9784,7452
9789,7453
9791,7454
9794,7455
9796,7456
9803,7457
9819,7458
9822,7459
9823,7460
9828,7461
9830,7462
9834,7463
9841,7464
9849,7465
9852,7466
9854,7467
9860,7468
9863,7469
9868,7470
9874,7471
9877,7472
9890,7473
9892,7474
9894,7475
9896,7476
9901,7477
9907,7478
9911,7479
9921,7480
9922,7481
9923,7482
9924,7483
9927,7484
9928,7485
9930,7486
9935,7487
9938,7488
9960,7489
9963,7490
9964,7491
9965,7492
9966,7493
9972,7494
9974,7495
9977,7496
9981,7497
9990,7498
9995,7499
